name,position,team,pass_comp,pass_att,pass_yds,pass_td,int,rush_car,rush_yds,rush_td,rec,rec_yds,rec_td,tar,tackles,sacks,forced_fumbles,fum_rec,def_int,int_td,fum_td,espn_fpts
Bijan Robinson,RB,ATL,0,0,0,0,0,275,1317,8,77,720,3,101,0,0,0,0,0,0,0,349.9
Jahmyr Gibbs,RB,DET,0,0,0,0,0,290,1406,14,64,532,3,81,0,0,0,0,0,0,0,361.6
Puka Nacua,WR,LAR,0,0,0,0,0,17,113,1,115,1532,10,163,0,0,0,0,0,0,0,343
Ja'Marr Chase,WR,CIN,0,0,0,0,0,4,21,0,116,1478,11,166,0,0,0,0,0,0,0,329.1
Christian McCaffrey,RB,SF,0,0,0,0,0,281,1161,10,78,686,5,98,0,0,0,0,0,0,0,350
Jaxon Smith-Njigba,WR,SEA,0,0,0,0,0,5,26,0,112,1530,9,159,0,0,0,0,0,0,0,317.7
Amon-Ra St. Brown,WR,DET,0,0,0,0,0,2,14,0,112,1385,10,158,0,0,0,0,0,0,0,313.8
Jonathan Taylor,RB,IND,0,0,0,0,0,325,1503,12,46,342,1,56,0,0,0,0,0,0,0,306.5
CeeDee Lamb,WR,DAL,0,0,0,0,0,2,13,0,103,1370,9,156,0,0,0,0,0,0,0,292.4
De'Von Achane,RB,MIA,0,0,0,0,0,240,1213,5,69,526,3,86,0,0,0,0,0,0,0,289.3
Drake London,WR,ATL,0,0,0,0,0,0,0,0,104,1273,7,162,0,0,0,0,0,0,0,274.3
Justin Jefferson,WR,MIN,0,0,0,0,0,2,11,0,110,1368,7,165,0,0,0,0,0,0,0,291.7
Rashee Rice,WR,KC,0,0,0,0,0,8,43,1,99,1200,10,141,0,0,0,0,0,0,0,282.9
Malik Nabers,WR,NYG,0,0,0,0,0,4,23,0,98,1312,8,155,0,0,0,0,0,0,0,281.9
Jeremiyah Love,RB,ARI,0,0,0,0,0,243,1076,7,66,494,2,88,0,0,0,0,0,0,0,275.1
James Cook III,RB,BUF,0,0,0,0,0,305,1425,11,35,298,2,45,0,0,0,0,0,0,0,281
Trey McBride,TE,ARI,0,0,0,0,0,0,0,0,118,1123,6,164,0,0,0,0,0,0,0,264.7
Ashton Jeanty,RB,LV,0,0,0,0,0,274,1109,7,66,497,2,88,0,0,0,0,0,0,0,279.4
Nico Collins,WR,HOU,0,0,0,0,0,2,12,0,86,1204,7,136,0,0,0,0,0,0,0,247.8
Saquon Barkley,RB,PHI,0,0,0,0,0,306,1309,9,42,364,2,57,0,0,0,0,0,0,0,273.8
Derrick Henry,RB,BAL,0,0,0,0,0,323,1510,13,21,206,1,27,0,0,0,0,0,0,0,275.9
Josh Jacobs,RB,GB,0,0,0,0,0,301,1240,13,35,276,2,46,0,0,0,0,0,0,0,272.1
Brock Bowers,TE,LV,0,0,0,0,0,4,15,0,99,1000,7,137,0,0,0,0,0,0,0,241.6
Garrett Wilson,WR,NYJ,0,0,0,0,0,2,11,0,102,1205,5,154,0,0,0,0,0,0,0,255.6
Chris Olave,WR,NO,0,0,0,0,0,0,0,0,91,1169,6,144,0,0,0,0,0,0,0,246.2
George Pickens,WR,DAL,0,0,0,0,0,0,0,0,79,1108,8,123,0,0,0,0,0,0,0,237.6
A.J. Brown,WR,PHI,0,0,0,0,0,0,0,0,86,1237,7,129,0,0,0,0,0,0,0,251.7
Josh Allen,QB,BUF,332,496,3896,26,11,116,580,12,0,0,0,0,0,0,0,0,0,0,0,367.1
Omarion Hampton,RB,LAC,0,0,0,0,0,271,1158,10,54,383,2,67,0,0,0,0,0,0,0,276.8
Chase Brown,RB,CIN,0,0,0,0,0,253,1101,8,58,394,3,72,0,0,0,0,0,0,0,267.6
DeVonta Smith,WR,PHI,0,0,0,0,0,0,0,0,87,1106,6,124,0,0,0,0,0,0,0,233.1
Tetairoa McMillan,WR,CAR,0,0,0,0,0,0,0,0,82,1184,6,139,0,0,0,0,0,0,0,237.3
Zay Flowers,WR,BAL,0,0,0,0,0,10,58,0,82,1197,6,117,0,0,0,0,0,0,0,242.6
Breece Hall,RB,NYJ,0,0,0,0,0,263,1154,8,51,434,3,64,0,0,0,0,0,0,0,271.5
Kenneth Walker III,RB,KC,0,0,0,0,0,280,1253,9,46,366,2,57,0,0,0,0,0,0,0,269.1
Lamar Jackson,QB,BAL,291,449,3810,26,10,122,668,4,0,0,0,0,0,0,0,0,0,0,0,318.9
Jayden Daniels,QB,WSH,346,518,3845,22,10,130,663,5,0,0,0,0,0,0,0,0,0,0,0,318.2
Jalen Hurts,QB,PHI,317,482,3716,23,9,106,437,9,0,0,0,0,0,0,0,0,0,0,0,317.3
Drake Maye,QB,NE,339,497,4002,27,11,100,527,4,0,0,0,0,0,0,0,0,0,0,0,314.6
Javonte Williams,RB,DAL,0,0,0,0,0,296,1296,11,37,217,2,50,0,0,0,0,0,0,0,262.4
Kyren Williams,RB,LAR,0,0,0,0,0,267,1211,11,31,217,2,42,0,0,0,0,0,0,0,248.6
Travis Etienne Jr.,RB,NO,0,0,0,0,0,261,1131,6,45,378,2,61,0,0,0,0,0,0,0,243.4
Cam Skattebo,RB,NYG,0,0,0,0,0,248,1044,7,49,359,2,60,0,0,0,0,0,0,0,240.4
Davante Adams,WR,LAR,0,0,0,0,0,0,0,0,66,1031,11,121,0,0,0,0,0,0,0,234.9
Terry McLaurin,WR,WSH,0,0,0,0,0,0,0,0,80,1040,6,118,0,0,0,0,0,0,0,218.6
Tee Higgins,WR,CIN,0,0,0,0,0,0,0,0,71,938,8,111,0,0,0,0,0,0,0,214.1
Jaylen Waddle,WR,DEN,0,0,0,0,0,2,12,0,78,1024,6,120,0,0,0,0,0,0,0,219.1
Colston Loveland,TE,CHI,0,0,0,0,0,0,0,0,79,894,6,117,0,0,0,0,0,0,0,204.9
Carnell Tate,WR,TEN,0,0,0,0,0,0,0,0,76,1021,4,123,0,0,0,0,0,0,0,203
Ladd McConkey,WR,LAC,0,0,0,0,0,0,0,0,77,1006,6,118,0,0,0,0,0,0,0,215.6
Bucky Irving,RB,TB,0,0,0,0,0,264,1070,6,38,311,2,47,0,0,0,0,0,0,0,221.9
Quinshon Judkins,RB,CLE,0,0,0,0,0,305,1196,7,33,224,1,42,0,0,0,0,0,0,0,219.5
Emeka Egbuka,WR,TB,0,0,0,0,0,2,12,0,62,1018,7,115,0,0,0,0,0,0,0,207.4
Jameson Williams,WR,DET,0,0,0,0,0,7,48,1,61,1001,6,97,0,0,0,0,0,0,0,202.8
DJ Moore,WR,BUF,0,0,0,0,0,7,37,0,65,931,7,105,0,0,0,0,0,0,0,206.5
Rome Odunze,WR,CHI,0,0,0,0,0,0,0,0,59,1025,8,117,0,0,0,0,0,0,0,212
Michael Pittman Jr.,WR,PIT,0,0,0,0,0,0,0,0,90,869,4,133,0,0,0,0,0,0,0,199.1
Marvin Harrison Jr.,WR,ARI,0,0,0,0,0,0,0,0,70,967,5,129,0,0,0,0,0,0,0,196.3
Courtland Sutton,WR,DEN,0,0,0,0,0,0,0,0,67,875,8,115,0,0,0,0,0,0,0,200.1
Luther Burden III,WR,CHI,0,0,0,0,0,9,51,0,74,934,5,112,0,0,0,0,0,0,0,205
Tyler Warren,TE,IND,0,0,0,0,0,6,14,0,85,859,5,113,0,0,0,0,0,0,0,204.9
Joe Burrow,QB,CIN,373,551,4055,33,11,52,188,2,0,0,0,0,0,0,0,0,0,0,0,301.3
Jaxson Dart,QB,NYG,324,499,3671,21,10,100,550,7,0,0,0,0,0,0,0,0,0,0,0,300
DK Metcalf,WR,PIT,0,0,0,0,0,0,0,0,66,951,6,116,0,0,0,0,0,0,0,197.2
Alec Pierce,WR,IND,0,0,0,0,0,0,0,0,66,1010,5,113,0,0,0,0,0,0,0,199.7
Jordyn Tyson,WR,NO,0,0,0,0,0,0,0,0,68,922,5,111,0,0,0,0,0,0,0,189.5
TreVeyon Henderson,RB,NE,0,0,0,0,0,202,888,7,41,293,2,50,0,0,0,0,0,0,0,209.4
Bhayshul Tuten,RB,JAX,0,0,0,0,0,245,1026,7,32,245,1,44,0,0,0,0,0,0,0,208.2
Kyle Pitts Sr.,TE,ATL,0,0,0,0,0,0,0,0,82,872,3,117,0,0,0,0,0,0,0,188.1
D'Andre Swift,RB,CHI,0,0,0,0,0,229,1040,8,30,269,1,41,0,0,0,0,0,0,0,216.9
Chuba Hubbard,RB,CAR,0,0,0,0,0,231,929,5,45,332,2,57,0,0,0,0,0,0,0,210.4
Jadarian Price,RB,SEA,0,0,0,0,0,223,925,8,27,219,1,36,0,0,0,0,0,0,0,195
Chris Godwin Jr.,WR,TB,0,0,0,0,0,0,0,0,69,835,5,105,0,0,0,0,0,0,0,184.7
Mike Evans,WR,SF,0,0,0,0,0,0,0,0,57,911,6,99,0,0,0,0,0,0,0,185.4
Jakobi Meyers,WR,JAX,0,0,0,0,0,6,33,0,71,794,5,109,0,0,0,0,0,0,0,186.9
Parker Washington,WR,JAX,0,0,0,0,0,8,40,0,65,880,5,109,0,0,0,0,0,0,0,193
Christian Watson,WR,GB,0,0,0,0,0,2,13,0,56,905,7,96,0,0,0,0,0,0,0,192.8
Wan'Dale Robinson,WR,TEN,0,0,0,0,0,4,22,0,80,821,2,117,0,0,0,0,0,0,0,175.6
Brian Thomas Jr.,WR,JAX,0,0,0,0,0,4,24,0,55,842,5,98,0,0,0,0,0,0,0,172.3
David Montgomery,RB,HOU,0,0,0,0,0,219,951,7,31,230,1,38,0,0,0,0,0,0,0,193.8
Tony Pollard,RB,TEN,0,0,0,0,0,244,1064,6,34,209,1,45,0,0,0,0,0,0,0,196.8
Aaron Jones Sr.,RB,MIN,0,0,0,0,0,169,737,4,47,342,2,60,0,0,0,0,0,0,0,187.6
Harold Fannin Jr.,TE,CLE,0,0,0,0,0,8,20,0,85,829,3,122,0,0,0,0,0,0,0,190.7
Sam LaPorta,TE,DET,0,0,0,0,0,0,0,0,74,768,5,97,0,0,0,0,0,0,0,182.5
Dallas Goedert,TE,PHI,0,0,0,0,0,0,0,0,68,712,6,90,0,0,0,0,0,0,0,172.7
Travis Kelce,TE,KC,0,0,0,0,0,0,0,0,70,750,4,99,0,0,0,0,0,0,0,171
Brock Purdy,QB,SF,343,517,4125,27,14,65,275,4,0,0,0,0,0,0,0,0,0,0,0,291.1
Trevor Lawrence,QB,JAX,335,540,3854,25,13,73,334,5,0,0,0,0,0,0,0,0,0,0,0,284.7
Dak Prescott,QB,DAL,366,548,4083,30,12,52,188,2,0,0,0,0,0,0,0,0,0,0,0,285.3
Jaylen Warren,RB,PIT,0,0,0,0,0,179,787,4,47,322,1,58,0,0,0,0,0,0,0,191.8
Rhamondre Stevenson,RB,NE,0,0,0,0,0,176,751,7,37,306,2,45,0,0,0,0,0,0,0,191.6
Rico Dowdle,RB,PIT,0,0,0,0,0,222,970,5,30,212,1,40,0,0,0,0,0,0,0,185.7
Kenneth Gainwell,RB,TB,0,0,0,0,0,110,486,4,55,371,2,68,0,0,0,0,0,0,0,180
J.K. Dobbins,RB,DEN,0,0,0,0,0,222,1038,7,19,116,1,25,0,0,0,0,0,0,0,180.1
Rachaad White,RB,WSH,0,0,0,0,0,149,626,6,47,294,2,51,0,0,0,0,0,0,0,184
KC Concepcion,WR,CLE,0,0,0,0,0,6,34,0,63,783,3,101,0,0,0,0,0,0,0,165.6
Jordan Addison,WR,MIN,0,0,0,0,0,2,14,0,60,766,5,99,0,0,0,0,0,0,0,169.4
Michael Wilson,WR,ARI,0,0,0,0,0,0,0,0,68,823,3,111,0,0,0,0,0,0,0,169.5
Makai Lemon,WR,PHI,0,0,0,0,0,0,0,0,60,868,5,95,0,0,0,0,0,0,0,178.7
Khalil Shakir,WR,BUF,0,0,0,0,0,2,13,0,72,800,4,95,0,0,0,0,0,0,0,177.7
Tank Bigsby,RB,PHI,0,0,0,0,0,85,380,3,4,28,0,5,0,0,0,0,0,0,0,64.8
Germie Bernard,WR,PIT,0,0,0,0,0,2,12,0,48,599,3,81,0,0,0,0,0,0,0,128.2
Rashid Shaheed,WR,SEA,0,0,0,0,0,14,88,1,41,633,3,68,0,0,0,0,0,0,0,141.3
Denzel Boston,WR,CLE,0,0,0,0,0,0,0,0,56,693,3,90,0,0,0,0,0,0,0,143.3
Tre Tucker,WR,LV,0,0,0,0,0,10,56,0,49,659,3,82,0,0,0,0,0,0,0,138.3
Chris Bell,WR,MIA,0,0,0,0,0,0,0,0,46,597,2,75,0,0,0,0,0,0,0,117.8
Caleb Douglas,WR,MIA,0,0,0,0,0,0,0,0,46,597,2,75,0,0,0,0,0,0,0,117.8
Travis Hunter,"WR, CB",JAX,0,0,0,0,0,2,11,0,33,400,3,55,0,0,0,0,0,0,0,91.9
Rashod Bateman,WR,BAL,0,0,0,0,0,0,0,0,36,602,4,63,0,0,0,0,0,0,0,119.8
Ray Davis,RB,BUF,0,0,0,0,0,33,140,1,8,59,0,10,0,0,0,0,0,0,0,38.1
Mike Washington Jr.,RB,LV,0,0,0,0,0,86,356,2,8,60,0,11,0,0,0,0,0,0,0,64.6
Justice Hill,RB,BAL,0,0,0,0,0,50,227,1,38,342,2,49,0,0,0,0,0,0,0,112.4
Tyreek Hill,WR,FA,0,0,0,0,0,0,0,0,0,0,0,0,0,0,0,0,0,0,0,0
Jauan Jennings,WR,MIN,0,0,0,0,0,0,0,0,46,484,3,71,0,0,0,0,0,0,0,113.8
Dalton Kincaid,TE,BUF,0,0,0,0,0,0,0,0,58,688,4,80,0,0,0,0,0,0,0,152.9
Brenton Strange,TE,JAX,0,0,0,0,0,0,0,0,57,587,4,82,0,0,0,0,0,0,0,138.8
Kenyon Sadiq,TE,NYJ,0,0,0,0,0,0,0,0,66,689,4,90,0,0,0,0,0,0,0,161.4
Hunter Henry,TE,NE,0,0,0,0,0,0,0,0,53,614,5,74,0,0,0,0,0,0,0,145.9
Broncos D/ST,DST,DEN,0,0,0,0,0,0,0,0,0,0,0,0,1021,45,10,7,13,1,1,130.6
Texans D/ST,DST,HOU,0,0,0,0,0,0,0,0,0,0,0,0,1024,41,17,11,12,1,1,126.7
Seahawks D/ST,DST,SEA,0,0,0,0,0,0,0,0,0,0,0,0,1060,42,11,7,13,1,1,119.4
Patriots D/ST,DST,NE,0,0,0,0,0,0,0,0,0,0,0,0,1022,41,9,6,13,1,1,100
Steelers D/ST,DST,PIT,0,0,0,0,0,0,0,0,0,0,0,0,1030,43,15,9,12,1,1,125.6
Eagles D/ST,DST,PHI,0,0,0,0,0,0,0,0,0,0,0,0,948,39,11,7,12,1,1,106.8
Ravens D/ST,DST,BAL,0,0,0,0,0,0,0,0,0,0,0,0,1016,44,12,8,12,1,1,116.7
Browns D/ST,DST,CLE,0,0,0,0,0,0,0,0,0,0,0,0,1022,42,11,7,11,1,1,103.7
Jaguars D/ST,DST,JAX,0,0,0,0,0,0,0,0,0,0,0,0,1029,41,10,7,13,1,1,77.2
Chiefs D/ST,DST,KC,0,0,0,0,0,0,0,0,0,0,0,0,1041,41,10,7,12,1,1,99.8
Rams D/ST,DST,LAR,0,0,0,0,0,0,0,0,0,0,0,0,1067,42,13,8,12,1,1,122.9
Saints D/ST,DST,NO,0,0,0,0,0,0,0,0,0,0,0,0,988,38,10,7,12,1,1,79
Brandon Aubrey,K,DAL,0,0,0,0,0,0,0,0,0,0,0,0,0,0,0,0,0,0,0,171.8
Cameron Dicker,K,LAC,0,0,0,0,0,0,0,0,0,0,0,0,0,0,0,0,0,0,0,161.7
Jason Myers,K,SEA,0,0,0,0,0,0,0,0,0,0,0,0,0,0,0,0,0,0,0,158.4
Harrison Mevis,K,LAR,0,0,0,0,0,0,0,0,0,0,0,0,0,0,0,0,0,0,0,159.7
Ka'imi Fairbairn,K,HOU,0,0,0,0,0,0,0,0,0,0,0,0,0,0,0,0,0,0,0,157.5
Eddy Pineiro,K,SF,0,0,0,0,0,0,0,0,0,0,0,0,0,0,0,0,0,0,0,155.3
Harrison Butker,K,KC,0,0,0,0,0,0,0,0,0,0,0,0,0,0,0,0,0,0,0,148.4
Cam Little,K,JAX,0,0,0,0,0,0,0,0,0,0,0,0,0,0,0,0,0,0,0,147.1
Jake Bates,K,DET,0,0,0,0,0,0,0,0,0,0,0,0,0,0,0,0,0,0,0,146.1
Cairo Santos,K,CHI,0,0,0,0,0,0,0,0,0,0,0,0,0,0,0,0,0,0,0,144.4
Tyler Loop,K,BAL,0,0,0,0,0,0,0,0,0,0,0,0,0,0,0,0,0,0,0,145.6
Will Reichard,K,MIN,0,0,0,0,0,0,0,0,0,0,0,0,0,0,0,0,0,0,0,141.9
Deebo Samuel,WR,FA,0,0,0,0,0,0,0,0,0,0,0,0,0,0,0,0,0,0,0,0
Stefon Diggs,WR,FA,0,0,0,0,0,0,0,0,0,0,0,0,0,0,0,0,0,0,0,0
Jordan James,RB,SF,0,0,0,0,0,80,344,2,8,63,0,10,0,0,0,0,0,0,0,64.6
Kaelon Black,RB,SF,0,0,0,0,0,45,185,1,4,31,0,5,0,0,0,0,0,0,0,34.6
Brandon Aiyuk,WR,SF,0,0,0,0,0,0,0,0,0,0,0,0,0,0,0,0,0,0,0,0
Jordan Love,QB,GB,331,514,3927,25,10,50,210,1,0,0,0,0,0,0,0,0,0,0,0,257
Cam Ward,QB,TEN,359,565,3777,16,10,46,199,2,0,0,0,0,0,0,0,0,0,0,0,219.6
C.J. Stroud,QB,HOU,347,545,3923,21,12,57,250,1,0,0,0,0,0,0,0,0,0,0,0,244.6
DJ Giddens,RB,IND,0,0,0,0,0,33,141,1,8,56,0,10,0,0,0,0,0,0,0,35.7
Dontayvion Wicks,WR,PHI,0,0,0,0,0,0,0,0,21,265,2,33,0,0,0,0,0,0,0,56
Devaughn Vele,WR,NO,0,0,0,0,0,0,0,0,25,259,2,39,0,0,0,0,0,0,0,61.1
Colts D/ST,DST,IND,0,0,0,0,0,0,0,0,0,0,0,0,994,39,9,6,12,1,1,87.2
Chargers D/ST,DST,LAC,0,0,0,0,0,0,0,0,0,0,0,0,1004,40,12,8,13,1,1,93.7
Chase McLaughlin,K,TB,0,0,0,0,0,0,0,0,0,0,0,0,0,0,0,0,0,0,0,142.2
Nick Folk,K,ATL,0,0,0,0,0,0,0,0,0,0,0,0,0,0,0,0,0,0,0,141.4
Jake Tonges,TE,SF,0,0,0,0,0,0,0,0,24,255,2,33,0,0,0,0,0,0,0,62
Mike Gesicki,TE,CIN,0,0,0,0,0,0,0,0,43,427,5,61,0,0,0,0,0,0,0,115.6
Greg Dulcich,TE,MIA,0,0,0,0,0,0,0,0,52,555,2,75,0,0,0,0,0,0,0,115.5
Kayshon Boutte,WR,NE,0,0,0,0,0,0,0,0,19,266,2,30,0,0,0,0,0,0,0,56.4
Kyle Williams,WR,NE,0,0,0,0,0,4,23,0,6,90,1,10,0,0,0,0,0,0,0,22.2
Keon Coleman,WR,BUF,0,0,0,0,0,0,0,0,22,305,3,37,0,0,0,0,0,0,0,68.2
Troy Franklin,WR,DEN,0,0,0,0,0,2,11,0,16,212,2,27,0,0,0,0,0,0,0,49.8
Emanuel Wilson,RB,SEA,0,0,0,0,0,40,168,1,7,51,0,9,0,0,0,0,0,0,0,38.3
Tyler Badie,RB,DEN,0,0,0,0,0,4,18,0,14,114,1,19,0,0,0,0,0,0,0,31.5
Geno Smith,QB,NYJ,359,528,3804,20,14,58,219,1,0,0,0,0,0,0,0,0,0,0,0,231.5
Aaron Rodgers,QB,FA,370,580,3800,20,11,28,100,1,0,0,0,0,0,0,0,0,0,0,0,0
Deshaun Watson,QB,CLE,177,288,1882,8,6,38,191,1,0,0,0,0,0,0,0,0,0,0,0,116.3
Jacoby Brissett,QB,ARI,336,531,3397,15,9,47,208,1,0,0,0,0,0,0,0,0,0,0,0,199.7
Dyami Brown,WR,WSH,0,0,0,0,0,0,0,0,30,394,3,46,0,0,0,0,0,0,0,85.1
Nick Westbrook-Ikhine,WR,IND,0,0,0,0,0,0,0,0,33,428,3,56,0,0,0,0,0,0,0,94.2
Olamide Zaccheaus,WR,ATL,0,0,0,0,0,0,0,0,36,376,2,56,0,0,0,0,0,0,0,82.8
Van Jefferson,WR,WSH,0,0,0,0,0,0,0,0,28,357,2,46,0,0,0,0,0,0,0,75.1
Tai Felton,WR,MIN,0,0,0,0,0,0,0,0,4,37,0,5,0,0,0,0,0,0,0,9
Will Shipley,RB,PHI,0,0,0,0,0,9,40,0,11,82,0,14,0,0,0,0,0,0,0,27.5
Sean Tucker,RB,TB,0,0,0,0,0,35,147,2,0,0,0,0,0,0,0,0,0,0,0,27
Devin Singletary,RB,NYG,0,0,0,0,0,35,142,1,4,26,0,5,0,0,0,0,0,0,0,27.4
Hunter Luepke,RB,DAL,0,0,0,0,0,14,58,0,9,61,0,11,0,0,0,0,0,0,0,25.1
Malik Davis,RB,DAL,0,0,0,0,0,32,139,1,4,29,0,6,0,0,0,0,0,0,0,27.7
Trevor Etienne,RB,CAR,0,0,0,0,0,12,52,0,4,29,0,5,0,0,0,0,0,0,0,16.7
Emmett Johnson,RB,KC,0,0,0,0,0,71,295,2,8,58,0,10,0,0,0,0,0,0,0,58.1
Tahj Brooks,RB,CIN,0,0,0,0,0,27,114,1,0,0,0,0,0,0,0,0,0,0,0,16.2
Andrei Iosivas,WR,CIN,0,0,0,0,0,2,11,0,26,312,3,44,0,0,0,0,0,0,0,75.7
Packers D/ST,DST,GB,0,0,0,0,0,0,0,0,0,0,0,0,1011,41,11,7,12,1,1,88.9
Bills D/ST,DST,BUF,0,0,0,0,0,0,0,0,0,0,0,0,1015,41,10,7,12,1,1,58.3
Evan McPherson,K,CIN,0,0,0,0,0,0,0,0,0,0,0,0,0,0,0,0,0,0,0,141.8
Trey Smack,K,GB,0,0,0,0,0,0,0,0,0,0,0,0,0,0,0,0,0,0,0,144.1
David Njoku,TE,FA,0,0,0,0,0,0,0,0,0,0,0,0,0,0,0,0,0,0,0,0
Terrance Ferguson,TE,LAR,0,0,0,0,0,0,0,0,30,386,4,47,0,0,0,0,0,0,0,90.3
Evan Engram,TE,DEN,0,0,0,0,0,0,0,0,46,455,2,66,0,0,0,0,0,0,0,104.2
Cade Otton,TE,TB,0,0,0,0,0,0,0,0,47,477,2,68,0,0,0,0,0,0,0,109.4
Michael Mayer,TE,LV,0,0,0,0,0,0,0,0,37,364,1,55,0,0,0,0,0,0,0,81.2
Marvin Mims Jr.,WR,DEN,0,0,0,0,0,8,46,0,23,268,2,33,0,0,0,0,0,0,0,68.7
KaVontae Turpin,WR,DAL,0,0,0,0,0,18,106,0,18,229,2,28,0,0,0,0,0,0,0,66.9
Tua Tagovailoa,QB,ATL,207,305,2191,11,8,16,44,0,0,0,0,0,0,0,0,0,0,0,0,116.2
Bears D/ST,DST,CHI,0,0,0,0,0,0,0,0,0,0,0,0,1007,38,15,10,13,1,1,87.1
Buccaneers D/ST,DST,TB,0,0,0,0,0,0,0,0,0,0,0,0,1010,42,8,5,12,1,1,94.2
49ers D/ST,DST,SF,0,0,0,0,0,0,0,0,0,0,0,0,1055,38,14,9,11,1,1,79.9
Raiders D/ST,DST,LV,0,0,0,0,0,0,0,0,0,0,0,0,1052,37,11,7,10,1,1,55.3
Andy Borregales,K,NE,0,0,0,0,0,0,0,0,0,0,0,0,0,0,0,0,0,0,0,128.8
Zane Gonzalez,K,MIA,0,0,0,0,0,0,0,0,0,0,0,0,0,0,0,0,0,0,0,127.3
Matt Gay,K,LV,0,0,0,0,0,0,0,0,0,0,0,0,0,0,0,0,0,0,0,125.2
Ryan Fitzgerald,K,CAR,0,0,0,0,0,0,0,0,0,0,0,0,0,0,0,0,0,0,0,124.2
Joey Slye,K,TEN,0,0,0,0,0,0,0,0,0,0,0,0,0,0,0,0,0,0,0,123.1
Chad Ryland,K,ARI,0,0,0,0,0,0,0,0,0,0,0,0,0,0,0,0,0,0,0,121.7
Andre Szmyt,K,CLE,0,0,0,0,0,0,0,0,0,0,0,0,0,0,0,0,0,0,0,121.4
Cade York,K,NYJ,0,0,0,0,0,0,0,0,0,0,0,0,0,0,0,0,0,0,0,122.3
Panthers D/ST,DST,CAR,0,0,0,0,0,0,0,0,0,0,0,0,995,37,8,5,11,1,1,69.7
Jets D/ST,DST,NYJ,0,0,0,0,0,0,0,0,0,0,0,0,1052,38,12,8,11,1,1,79.4
Falcons D/ST,DST,ATL,0,0,0,0,0,0,0,0,0,0,0,0,1003,38,12,8,12,1,1,56
Bengals D/ST,DST,CIN,0,0,0,0,0,0,0,0,0,0,0,0,1028,39,10,6,12,1,1,87.6
Titans D/ST,DST,TEN,0,0,0,0,0,0,0,0,0,0,0,0,1018,40,10,7,12,1,1,65
Commanders D/ST,DST,WSH,0,0,0,0,0,0,0,0,0,0,0,0,975,41,15,10,11,1,1,60.8
Cardinals D/ST,DST,ARI,0,0,0,0,0,0,0,0,0,0,0,0,1022,35,13,8,12,1,1,48.7
Giants D/ST,DST,NYG,0,0,0,0,0,0,0,0,0,0,0,0,1014,39,10,6,11,1,1,65
Cowboys D/ST,DST,DAL,0,0,0,0,0,0,0,0,0,0,0,0,1014,38,11,7,11,1,1,67.7
Dolphins D/ST,DST,MIA,0,0,0,0,0,0,0,0,0,0,0,0,1096,36,9,6,11,1,1,41.6
Tyquan Thornton,WR,KC,0,0,0,0,0,0,0,0,20,304,3,37,0,0,0,0,0,0,0,65.3
Jaylin Lane,WR,WSH,0,0,0,0,0,0,0,0,23,280,2,36,0,0,0,0,0,0,0,63.9
Kalif Raymond,WR,CHI,0,0,0,0,0,5,28,0,27,264,1,36,0,0,0,0,0,0,0,65.2
Darius Slayton,WR,NYG,0,0,0,0,0,2,12,0,22,299,1,35,0,0,0,0,0,0,0,61.6
Jahan Dotson,WR,ATL,0,0,0,0,0,0,0,0,26,322,2,45,0,0,0,0,0,0,0,68
Ja'Kobi Lane,WR,BAL,0,0,0,0,0,0,0,0,22,341,3,36,0,0,0,0,0,0,0,71.1
Jaylin Noel,WR,HOU,0,0,0,0,0,4,23,0,21,238,1,33,0,0,0,0,0,0,0,57.9
DeMario Douglas,WR,NE,0,0,0,0,0,4,22,0,22,265,1,30,0,0,0,0,0,0,0,60
Zachariah Branch,WR,ATL,0,0,0,0,0,0,0,0,21,254,1,34,0,0,0,0,0,0,0,55.9
Tutu Atwell,WR,MIA,0,0,0,0,0,2,10,0,22,299,0,38,0,0,0,0,0,0,0,55.3
Xavier Hutchinson,WR,HOU,0,0,0,0,0,2,13,0,19,230,1,33,0,0,0,0,0,0,0,49.7
Chris Brazzell II,WR,CAR,0,0,0,0,0,0,0,0,22,287,2,36,0,0,0,0,0,0,0,60.7
Malachi Fields,WR,NYG,0,0,0,0,0,0,0,0,20,235,1,30,0,0,0,0,0,0,0,50.8
Devontez Walker,WR,BAL,0,0,0,0,0,0,0,0,11,163,1,18,0,0,0,0,0,0,0,34.3
Hollywood Brown,WR,PHI,0,0,0,0,0,0,0,0,18,229,2,29,0,0,0,0,0,0,0,49.7
Cedric Tillman,WR,CLE,0,0,0,0,0,0,0,0,9,102,1,16,0,0,0,0,0,0,0,22.6
Ashton Dulin,WR,IND,0,0,0,0,0,4,26,0,17,203,1,26,0,0,0,0,0,0,0,46.2
Treylon Burks,WR,WSH,0,0,0,0,0,0,0,0,16,215,1,26,0,0,0,0,0,0,0,44.9
Kendrick Bourne,WR,ARI,0,0,0,0,0,0,0,0,19,200,1,29,0,0,0,0,0,0,0,42.4
Joshua Palmer,WR,BUF,0,0,0,0,0,0,0,0,16,203,1,27,0,0,0,0,0,0,0,44.1
Will Kacmarek,TE,MIA,0,0,0,0,0,0,0,0,19,179,1,27,0,0,0,0,0,0,0,41.5
Dont'e Thornton Jr.,WR,LV,0,0,0,0,0,0,0,0,15,211,1,27,0,0,0,0,0,0,0,40.8
Elijah Sarratt,WR,BAL,0,0,0,0,0,0,0,0,19,289,2,31,0,0,0,0,0,0,0,58
Jordan Whittington,WR,LAR,0,0,0,0,0,2,13,0,14,167,1,21,0,0,0,0,0,0,0,40.1
Erick All Jr.,TE,CIN,0,0,0,0,0,0,0,0,17,153,1,22,0,0,0,0,0,0,0,39.3
Drew Sample,TE,CIN,0,0,0,0,0,0,0,0,17,144,1,22,0,0,0,0,0,0,0,37.9
Luke Schoonmaker,TE,DAL,0,0,0,0,0,0,0,0,11,110,1,17,0,0,0,0,0,0,0,27.6
Daniel Bellinger,TE,TEN,0,0,0,0,0,0,0,0,13,112,0,17,0,0,0,0,0,0,0,26.9
Jalen Royals,WR,KC,0,0,0,0,0,0,0,0,13,154,1,21,0,0,0,0,0,0,0,35.7
Cade Stover,TE,HOU,0,0,0,0,0,4,10,0,15,134,1,22,0,0,0,0,0,0,0,34.6
John Bates,TE,WSH,0,0,0,0,0,0,0,0,15,134,1,21,0,0,0,0,0,0,0,34.6
Julian Hill,TE,NE,0,0,0,0,0,0,0,0,14,144,1,20,0,0,0,0,0,0,0,35.1
Teddy Bridgewater,QB,DET,13,20,147,1,1,1,5,0,0,0,0,0,0,0,0,0,0,0,0,9.3
David Moore,WR,CAR,0,0,0,0,0,2,11,0,3,37,0,5,0,0,0,0,0,0,0,9.4
Quintin Morris,TE,JAX,0,0,0,0,0,0,0,0,4,35,0,5,0,0,0,0,0,0,0,9.2
Oscar Delp,TE,NO,0,0,0,0,0,0,0,0,4,37,0,6,0,0,0,0,0,0,0,9
Trey Lance,QB,LAC,13,22,145,1,1,1,7,0,0,0,0,0,0,0,0,0,0,0,0,9.3
CJ Daniels,WR,LAR,0,0,0,0,0,0,0,0,3,42,0,5,0,0,0,0,0,0,0,9.3
Marlin Klein,TE,HOU,0,0,0,0,0,0,0,0,4,36,0,5,0,0,0,0,0,0,0,8.9
Desmond Ridder,QB,FA,13,20,143,1,0,1,5,0,0,0,0,0,0,0,0,0,0,0,0,0
Mason Tipton,WR,NO,0,0,0,0,0,4,24,0,3,38,0,6,0,0,0,0,0,0,0,11.9
Devin Culp,TE,TB,0,0,0,0,0,0,0,0,4,34,0,5,0,0,0,0,0,0,0,8.9
Eli Raridon,TE,NE,0,0,0,0,0,0,0,0,4,37,0,5,0,0,0,0,0,0,0,9
Kenny Pickett,QB,CAR,14,22,153,1,0,1,4,0,0,0,0,0,0,0,0,0,0,0,0,9
Justin Watson,WR,HOU,0,0,0,0,0,0,0,0,3,41,0,5,0,0,0,0,0,0,0,8.5
Lucas Krull,TE,DEN,0,0,0,0,0,0,0,0,4,35,0,5,0,0,0,0,0,0,0,8.9
Tip Reiman,TE,ARI,0,0,0,0,0,0,0,0,4,35,0,6,0,0,0,0,0,0,0,8.5
Charlie Woerner,TE,ATL,0,0,0,0,0,0,0,0,4,33,0,6,0,0,0,0,0,0,0,8.4
Tyler Conklin,TE,DET,0,0,0,0,0,0,0,0,3,37,0,5,0,0,0,0,0,0,0,8.7
Davis Mills,QB,HOU,14,23,146,1,1,1,4,0,0,0,0,0,0,0,0,0,0,0,0,8.3
Drew Ogletree,TE,IND,0,0,0,0,0,0,0,0,4,35,0,5,0,0,0,0,0,0,0,8.6
Cyrus Allen,WR,KC,0,0,0,0,0,0,0,0,6,78,0,10,0,0,0,0,0,0,0,16.8
Tyler Huntley,QB,BAL,12,19,126,1,0,2,9,0,0,0,0,0,0,0,0,0,0,0,0,8.5
Jonathan Mingo,WR,DAL,0,0,0,0,0,0,0,0,3,40,0,6,0,0,0,0,0,0,0,8.3
Grant Calcaterra,TE,PHI,0,0,0,0,0,0,0,0,3,34,0,5,0,0,0,0,0,0,0,8.4
Reggie Virgil,WR,ARI,0,0,0,0,0,0,0,0,3,40,0,6,0,0,0,0,0,0,0,8.2
Eric Saubert,TE,SEA,0,0,0,0,0,0,0,0,3,34,0,5,0,0,0,0,0,0,0,8.4
Joe Royer,TE,CLE,0,0,0,0,0,0,0,0,4,34,0,5,0,0,0,0,0,0,0,8.3
Sam Roush,TE,CHI,0,0,0,0,0,0,0,0,4,34,0,5,0,0,0,0,0,0,0,8.7
Matthew Hibner,TE,BAL,0,0,0,0,0,0,0,0,3,35,0,4,0,0,0,0,0,0,0,8.4
Josh Cuevas,TE,BAL,0,0,0,0,0,0,0,0,3,35,0,4,0,0,0,0,0,0,0,8.4
Ian Thomas,TE,LV,0,0,0,0,0,0,0,0,4,36,0,5,0,0,0,0,0,0,0,8.3
Darius Cooper,WR,PHI,0,0,0,0,0,0,0,0,3,37,0,5,0,0,0,0,0,0,0,8.3
Kaden Wetjen,WR,PIT,0,0,0,0,0,2,12,0,2,19,0,3,0,0,0,0,0,0,0,8.1
Mitchell Trubisky,QB,TEN,15,24,155,1,1,1,3,0,0,0,0,0,0,0,0,0,0,0,0,7.8
Elic Ayomanor,WR,TEN,0,0,0,0,0,0,0,0,3,38,0,6,0,0,0,0,0,0,0,7.9
Kyle Allen,QB,BUF,13,21,136,1,1,1,3,0,0,0,0,0,0,0,0,0,0,0,0,8
Drew Lock,QB,SEA,12,20,131,1,1,1,5,0,0,0,0,0,0,0,0,0,0,0,0,7.9
Brady Cook,QB,NYJ,14,22,143,1,1,1,4,0,0,0,0,0,0,0,0,0,0,0,0,7.9
Kevin Coleman Jr.,WR,MIA,0,0,0,0,0,0,0,0,10,116,0,16,0,0,0,0,0,0,0,22.8
Gardner Minshew II,QB,ARI,14,22,143,1,1,1,3,0,0,0,0,0,0,0,0,0,0,0,0,7.2
Quinn Ewers,QB,MIA,15,24,158,1,1,1,4,0,0,0,0,0,0,0,0,0,0,0,0,7.4
Malachi Corley,WR,CLE,0,0,0,0,0,6,42,0,0,0,0,0,0,0,0,0,0,0,0,5.7
Chris Manhertz,TE,NYG,0,0,0,0,0,0,0,0,2,16,0,3,0,0,0,0,0,0,0,4.1
Kameron Johnson,WR,TB,0,0,0,0,0,2,12,0,0,0,0,0,0,0,0,0,0,0,0,3.6
Arian Smith,WR,NYJ,0,0,0,0,0,4,23,0,0,0,0,0,0,0,0,0,0,0,0,3.5
Jimmy Horn Jr.,WR,CAR,0,0,0,0,0,4,24,0,0,0,0,0,0,0,0,0,0,0,0,3.1
Charlie Jones,WR,CIN,0,0,0,0,0,0,0,0,0,0,0,0,0,0,0,0,0,0,0,2.5
British Brooks,RB,HOU,0,0,0,0,0,4,18,0,0,0,0,0,0,0,0,0,0,0,0,2.4
Kene Nwangwu,RB,NYJ,0,0,0,0,0,0,0,0,0,0,0,0,0,0,0,0,0,0,0,2.3
LaJohntay Wester,WR,BAL,0,0,0,0,0,0,0,0,0,0,0,0,0,0,0,0,0,0,0,1.7
Britain Covey,WR,PHI,0,0,0,0,0,0,0,0,0,0,0,0,0,0,0,0,0,0,0,1.7
Isaiah Hodgins,WR,NYG,0,0,0,0,0,0,0,0,0,0,0,0,0,0,0,0,0,0,0,0
Sean McKeon,TE,IND,0,0,0,0,0,0,0,0,0,0,0,0,0,0,0,0,0,0,0,0
Dan Chisena,WR,CAR,0,0,0,0,0,0,0,0,0,0,0,0,0,0,0,0,0,0,0,0
Lawrence Cager,TE,WSH,0,0,0,0,0,0,0,0,0,0,0,0,0,0,0,0,0,0,0,0
Michael Carter,RB,TEN,0,0,0,0,0,0,0,0,0,0,0,0,0,0,0,0,0,0,0,0
Elijah Moore,WR,PHI,0,0,0,0,0,0,0,0,0,0,0,0,0,0,0,0,0,0,0,0
Terrace Marshall Jr.,WR,MIA,0,0,0,0,0,0,0,0,16,194,0,27,0,0,0,0,0,0,0,37.9
Zach Wilson,QB,NO,0,0,0,0,0,0,0,0,0,0,0,0,0,0,0,0,0,0,0,0
Elijah Mitchell,RB,FA,0,0,0,0,0,0,0,0,0,0,0,0,0,0,0,0,0,0,0,0
Hunter Long,TE,JAX,0,0,0,0,0,0,0,0,4,33,0,5,0,0,0,0,0,0,0,8.6
Gary Brightwell,RB,CIN,0,0,0,0,0,0,0,0,0,0,0,0,0,0,0,0,0,0,0,0
Brevin Jordan,TE,HOU,0,0,0,0,0,0,0,0,0,0,0,0,0,0,0,0,0,0,0,0
Ihmir Smith-Marsette,WR,ARI,0,0,0,0,0,0,0,0,0,0,0,0,0,0,0,0,0,0,0,0
Tylan Wallace,WR,CLE,0,0,0,0,0,0,0,0,14,154,1,21,0,0,0,0,0,0,0,32.5
Kylen Granson,TE,TEN,0,0,0,0,0,0,0,0,0,0,0,0,0,0,0,0,0,0,0,0
Simi Fehoko,WR,ARI,0,0,0,0,0,0,0,0,0,0,0,0,0,0,0,0,0,0,0,0
Sam Ehlinger,QB,DEN,0,0,0,0,0,0,0,0,0,0,0,0,0,0,0,0,0,0,0,0
Feleipe Franks,TE,CAR,0,0,0,0,0,0,0,0,0,0,0,0,0,0,0,0,0,0,0,0
Jaret Patterson,RB,LAC,0,0,0,0,0,0,0,0,0,0,0,0,0,0,0,0,0,0,0,0
Cody White,WR,SEA,0,0,0,0,0,0,0,0,0,0,0,0,0,0,0,0,0,0,0,0
Jack Stoll,TE,CLE,0,0,0,0,0,0,0,0,4,32,0,5,0,0,0,0,0,0,0,7.8
Patrick Taylor Jr.,RB,SF,0,0,0,0,0,0,0,0,0,0,0,0,0,0,0,0,0,0,0,0
David Sills V,WR,TB,0,0,0,0,0,0,0,0,0,0,0,0,0,0,0,0,0,0,0,0
John Metchie III,WR,CAR,0,0,0,0,0,0,0,0,0,0,0,0,0,0,0,0,0,0,0,0
Velus Jones Jr.,RB,SEA,0,0,0,0,0,0,0,0,0,0,0,0,0,0,0,0,0,0,0,0
Dameon Pierce,RB,PHI,0,0,0,0,0,0,0,0,0,0,0,0,0,0,0,0,0,0,0,0
Jelani Woods,TE,NYJ,0,0,0,0,0,0,0,0,4,37,0,5,0,0,0,0,0,0,0,9.3
Sam Howell,QB,DAL,0,0,0,0,0,0,0,0,0,0,0,0,0,0,0,0,0,0,0,0
Ko Kieft,TE,TB,0,0,0,0,0,0,0,0,0,0,0,0,0,0,0,0,0,0,0,0
Danny Gray,WR,PHI,0,0,0,0,0,0,0,0,0,0,0,0,0,0,0,0,0,0,0,0
Pierre Strong Jr.,RB,GB,0,0,0,0,0,0,0,0,0,0,0,0,0,0,0,0,0,0,0,0
Teagan Quitoriano,TE,ARI,0,0,0,0,0,0,0,0,0,0,0,0,0,0,0,0,0,0,0,0
Cole Turner,TE,MIA,0,0,0,0,0,0,0,0,11,109,0,16,0,0,0,0,0,0,0,24.5
Ty Chandler,RB,NO,0,0,0,0,0,0,0,0,0,0,0,0,0,0,0,0,0,0,0,0
Bailey Zappe,QB,NYJ,0,0,0,0,0,0,0,0,0,0,0,0,0,0,0,0,0,0,0,0
James Mitchell,TE,CAR,0,0,0,0,0,0,0,0,0,0,0,0,0,0,0,0,0,0,0,0
Samori Toure,WR,FA,0,0,0,0,0,0,0,0,0,0,0,0,0,0,0,0,0,0,0,0
Chris Oladokun,QB,KC,0,0,0,0,0,0,0,0,0,0,0,0,0,0,0,0,0,0,0,0
Brittain Brown,RB,CHI,0,0,0,0,0,0,0,0,0,0,0,0,0,0,0,0,0,0,0,0
Brandon Smith,WR,PIT,0,0,0,0,0,0,0,0,0,0,0,0,0,0,0,0,0,0,0,0
Julius Chestnut,RB,TEN,0,0,0,0,0,0,0,0,0,0,0,0,0,0,0,0,0,0,0,0
Tim Jones,WR,JAX,0,0,0,0,0,0,0,0,0,0,0,0,0,0,0,0,0,0,0,0
Jalen Virgil,WR,BUF,0,0,0,0,0,0,0,0,0,0,0,0,0,0,0,0,0,0,0,0
Tanner Conner,TE,NYG,0,0,0,0,0,0,0,0,0,0,0,0,0,0,0,0,0,0,0,0
Shane Buechele,QB,BUF,0,0,0,0,0,0,0,0,0,0,0,0,0,0,0,0,0,0,0,0
Kendric Pryor,WR,CIN,0,0,0,0,0,0,0,0,0,0,0,0,0,0,0,0,0,0,0,0
Ronnie Rivers,RB,LAR,0,0,0,0,0,0,0,0,0,0,0,0,0,0,0,0,0,0,0,0
Nikola Kalinic,TE,CHI,0,0,0,0,0,0,0,0,0,0,0,0,0,0,0,0,0,0,0,0
Austin Trammell,WR,JAX,0,0,0,0,0,0,0,0,0,0,0,0,0,0,0,0,0,0,0,0.1
Dennis Houston,WR,TB,0,0,0,0,0,0,0,0,0,0,0,0,0,0,0,0,0,0,0,0
Cornelius Johnson,WR,BAL,0,0,0,0,0,0,0,0,0,0,0,0,0,0,0,0,0,0,0,0
Jamari Thrash,WR,CLE,0,0,0,0,0,0,0,0,0,0,0,0,0,0,0,0,0,0,0,0
Ainias Smith,WR,CAR,0,0,0,0,0,0,0,0,0,0,0,0,0,0,0,0,0,0,0,0
Sione Vaki,RB,DET,0,0,0,0,0,0,0,0,0,0,0,0,0,0,0,0,0,0,0,0
Tahj Washington,WR,MIA,0,0,0,0,0,0,0,0,20,240,1,32,0,0,0,0,0,0,0,47.3
Tejhaun Palmer,WR,ARI,0,0,0,0,0,0,0,0,0,0,0,0,0,0,0,0,0,0,0,0
Jaheim Bell,TE,PIT,0,0,0,0,0,0,0,0,0,0,0,0,0,0,0,0,0,0,0,0
Johnny Wilson,WR,PHI,0,0,0,0,0,0,0,0,0,0,0,0,0,0,0,0,0,0,0,0
Tanner McLachlan,TE,LAC,0,0,0,0,0,0,0,0,0,0,0,0,0,0,0,0,0,0,0,0
Dante Miller,RB,NYG,0,0,0,0,0,0,0,0,0,0,0,0,0,0,0,0,0,0,0,0
Blake Watson,RB,FA,0,0,0,0,0,0,0,0,0,0,0,0,0,0,0,0,0,0,0,0
Carson Steele,RB,PHI,0,0,0,0,0,0,0,0,0,0,0,0,0,0,0,0,0,0,0,0
Michael Wiley,RB,TB,0,0,0,0,0,0,0,0,0,0,0,0,0,0,0,0,0,0,0,0
Colson Yankoff,TE,WSH,0,0,0,0,0,0,0,0,0,0,0,0,0,0,0,0,0,0,0,0
Xavier Weaver,WR,ARI,0,0,0,0,0,0,0,0,3,40,0,6,0,0,0,0,0,0,0,8.4
Brenden Bates,TE,CLE,0,0,0,0,0,0,0,0,0,0,0,0,0,0,0,0,0,0,0,0
Cody Schrader,RB,DEN,0,0,0,0,0,0,0,0,0,0,0,0,0,0,0,0,0,0,0,0
David Martin-Robinson,TE,TEN,0,0,0,0,0,0,0,0,0,0,0,0,0,0,0,0,0,0,0,0
Terrell Jennings,RB,NE,0,0,0,0,0,0,0,0,0,0,0,0,0,0,0,0,0,0,0,0
Bryce Oliver,WR,TEN,0,0,0,0,0,0,0,0,0,0,0,0,0,0,0,0,0,0,0,0
Kevin Austin Jr.,WR,NO,0,0,0,0,0,0,0,0,13,167,1,22,0,0,0,0,0,0,0,33.4
Kendall Milton,RB,CIN,0,0,0,0,0,0,0,0,0,0,0,0,0,0,0,0,0,0,0,0
Carlos Washington Jr.,RB,ATL,0,0,0,0,0,0,0,0,0,0,0,0,0,0,0,0,0,0,0,0
Cam Grandy,TE,CIN,0,0,0,0,0,0,0,0,0,0,0,0,0,0,0,0,0,0,0,0
Frank Gore Jr.,RB,BUF,0,0,0,0,0,0,0,0,0,0,0,0,0,0,0,0,0,0,0,0
E.J. Jenkins,TE,PHI,0,0,0,0,0,0,0,0,0,0,0,0,0,0,0,0,0,0,0,0
Jared Wayne,WR,HOU,0,0,0,0,0,0,0,0,0,0,0,0,0,0,0,0,0,0,0,0
Chris Collier,RB,LV,0,0,0,0,0,25,104,1,0,0,0,0,0,0,0,0,0,0,0,14.1
Jack Westover,RB,NE,0,0,0,0,0,0,0,0,0,0,0,0,0,0,0,0,0,0,0,0
Dillon Gabriel,QB,CLE,0,0,0,0,0,0,0,0,0,0,0,0,0,0,0,0,0,0,0,0
Jalen Milroe,QB,SEA,0,0,0,0,0,0,0,0,0,0,0,0,0,0,0,0,0,0,0,0
Jarquez Hunter,RB,LAR,0,0,0,0,0,0,0,0,0,0,0,0,0,0,0,0,0,0,0,0
Gavin Bartholomew,TE,MIN,0,0,0,0,0,0,0,0,0,0,0,0,0,0,0,0,0,0,0,0
Kalel Mullings,RB,TEN,0,0,0,0,0,0,0,0,0,0,0,0,0,0,0,0,0,0,0,0
Jordan Watkins,WR,SF,0,0,0,0,0,0,0,0,0,0,0,0,0,0,0,0,0,0,0,0
Phil Mafah,RB,DAL,0,0,0,0,0,0,0,0,0,0,0,0,0,0,0,0,0,0,0,0
Luke Lachey,TE,HOU,0,0,0,0,0,0,0,0,0,0,0,0,0,0,0,0,0,0,0,0
Graham Mertz,QB,HOU,0,0,0,0,0,0,0,0,0,0,0,0,0,0,0,0,0,0,0,0
Thomas Fidone II,TE,NYG,0,0,0,0,0,0,0,0,0,0,0,0,0,0,0,0,0,0,0,0
Kurtis Rourke,QB,SF,0,0,0,0,0,0,0,0,0,0,0,0,0,0,0,0,0,0,0,0
Cam Miller,QB,MIA,0,0,0,0,0,0,0,0,0,0,0,0,0,0,0,0,0,0,0,0
Ricky White III,WR,SEA,0,0,0,0,0,0,0,0,0,0,0,0,0,0,0,0,0,0,0,0
Damien Martinez,RB,GB,0,0,0,0,0,0,0,0,0,0,0,0,0,0,0,0,0,0,0,0
Caleb Lohner,TE,DEN,0,0,0,0,0,0,0,0,0,0,0,0,0,0,0,0,0,0,0,0
Dominic Lovett,WR,DET,0,0,0,0,0,0,0,0,0,0,0,0,0,0,0,0,0,0,0,0
Moliki Matavao,TE,NO,0,0,0,0,0,0,0,0,0,0,0,0,0,0,0,0,0,0,0,0
Junior Bergen,WR,SF,0,0,0,0,0,0,0,0,0,0,0,0,0,0,0,0,0,0,0,0
Kyle McCord,QB,GB,0,0,0,0,0,0,0,0,0,0,0,0,0,0,0,0,0,0,0,0
Devin Neal,RB,NO,0,0,0,0,0,0,0,0,0,0,0,0,0,0,0,0,0,0,0,0.1
Robbie Ouzts,RB,SEA,0,0,0,0,0,0,0,0,0,0,0,0,0,0,0,0,0,0,0,0
Taylen Green,QB,CLE,0,0,0,0,0,0,0,0,0,0,0,0,0,0,0,0,0,0,0,0
Jack Endries,TE,CIN,0,0,0,0,0,0,0,0,0,0,0,0,0,0,0,0,0,0,0,0
Bauer Sharp,TE,TB,0,0,0,0,0,0,0,0,0,0,0,0,0,0,0,0,0,0,0,0
Behren Morton,QB,NE,0,0,0,0,0,0,0,0,0,0,0,0,0,0,0,0,0,0,0,0
Jam Miller,RB,NE,0,0,0,0,0,0,0,0,0,0,0,0,0,0,0,0,0,0,0,0
Athan Kaliakmanis,QB,WSH,0,0,0,0,0,0,0,0,0,0,0,0,0,0,0,0,0,0,0,0
Tanner Koziol,TE,JAX,0,0,0,0,0,0,0,0,4,36,0,5,0,0,0,0,0,0,0,9
Seydou Traore,TE,MIA,0,0,0,0,0,0,0,0,0,0,0,0,0,0,0,0,0,0,0,0
Eli Heidenreich,RB,PIT,0,0,0,0,0,0,0,0,0,0,0,0,0,0,0,0,0,0,0,0
Drew Allar,QB,PIT,0,0,0,0,0,0,0,0,0,0,0,0,0,0,0,0,0,0,0,0
Garrett Nussmeier,QB,KC,0,0,0,0,0,0,0,0,0,0,0,0,0,0,0,0,0,0,0,0
Cole Payton,QB,PHI,0,0,0,0,0,0,0,0,0,0,0,0,0,0,0,0,0,0,0,0
Lewis Bond,WR,HOU,0,0,0,0,0,0,0,0,0,0,0,0,0,0,0,0,0,0,0,0
Anthony Smith,WR,DAL,0,0,0,0,0,0,0,0,0,0,0,0,0,0,0,0,0,0,0,0
Dallen Bentley,TE,DEN,0,0,0,0,0,0,0,0,0,0,0,0,0,0,0,0,0,0,0,0
Emmanuel Henderson Jr.,WR,SEA,0,0,0,0,0,0,0,0,0,0,0,0,0,0,0,0,0,0,0,0
Malik Benson,WR,LV,0,0,0,0,0,0,0,0,0,0,0,0,0,0,0,0,0,0,0,0
Jamal Agnew,WR,FA,0,0,0,0,0,0,0,0,0,0,0,0,0,0,0,0,0,0,0,0
Chris Moore,WR,FA,0,0,0,0,0,0,0,0,0,0,0,0,0,0,0,0,0,0,0,0
Noah Brown,WR,FA,0,0,0,0,0,0,0,0,0,0,0,0,0,0,0,0,0,0,0,0
Darren Waller,TE,FA,0,0,0,0,0,0,0,0,0,0,0,0,0,0,0,0,0,0,0,0
Brandon Powell,WR,FA,0,0,0,0,0,0,0,0,0,0,0,0,0,0,0,0,0,0,0,0
Zach Pascal,WR,FA,0,0,0,0,0,0,0,0,0,0,0,0,0,0,0,0,0,0,0,0
Robert Tonyan,TE,FA,0,0,0,0,0,0,0,0,0,0,0,0,0,0,0,0,0,0,0,0
Jordan Akins,TE,FA,0,0,0,0,0,0,0,0,0,0,0,0,0,0,0,0,0,0,0,0
Nick Vannett,TE,FA,0,0,0,0,0,0,0,0,0,0,0,0,0,0,0,0,0,0,0,0
River Cracraft,WR,FA,0,0,0,0,0,0,0,0,0,0,0,0,0,0,0,0,0,0,0,0
C.J. Ham,RB,MIN,0,0,0,0,0,0,0,0,0,0,0,0,0,0,0,0,0,0,0,0
Ray-Ray McCloud III,WR,FA,0,0,0,0,0,0,0,0,0,0,0,0,0,0,0,0,0,0,0,0
Russell Gage Jr.,WR,FA,0,0,0,0,0,0,0,0,0,0,0,0,0,0,0,0,0,0,0,0
Trent Taylor,WR,FA,0,0,0,0,0,0,0,0,0,0,0,0,0,0,0,0,0,0,0,0
DeAndre Carter,WR,FA,0,0,0,0,0,0,0,0,0,0,0,0,0,0,0,0,0,0,0,0
Eric Tomlinson,TE,FA,0,0,0,0,0,0,0,0,0,0,0,0,0,0,0,0,0,0,0,0
Anthony Firkser,TE,FA,0,0,0,0,0,0,0,0,0,0,0,0,0,0,0,0,0,0,0,0
Alex Erickson,WR,FA,0,0,0,0,0,0,0,0,0,0,0,0,0,0,0,0,0,0,0,0
Cedrick Wilson Jr.,WR,FA,0,0,0,0,0,0,0,0,0,0,0,0,0,0,0,0,0,0,0,0
Ross Dwelley,TE,FA,0,0,0,0,0,0,0,0,0,0,0,0,0,0,0,0,0,0,0,0
Joshua Dobbs,QB,FA,0,0,0,0,0,0,0,0,0,0,0,0,0,0,0,0,0,0,0,0
Jeff Driskel,QB,FA,0,0,0,0,0,0,0,0,0,0,0,0,0,0,0,0,0,0,0,0
Cooper Rush,QB,FA,0,0,0,0,0,0,0,0,0,0,0,0,0,0,0,0,0,0,0,0
Dare Ogunbowale,RB,FA,0,0,0,0,0,0,0,0,0,0,0,0,0,0,0,0,0,0,0,0
MyCole Pruitt,TE,FA,0,0,0,0,0,0,0,0,0,0,0,0,0,0,0,0,0,0,0,0
KhaDarel Hodge,WR,FA,0,0,0,0,0,0,0,0,0,0,0,0,0,0,0,0,0,0,0,0
Taylor Heinicke,QB,FA,0,0,0,0,0,0,0,0,0,0,0,0,0,0,0,0,0,0,0,0
Mike White,QB,FA,0,0,0,0,0,0,0,0,0,0,0,0,0,0,0,0,0,0,0,0
Allen Lazard,WR,FA,0,0,0,0,0,0,0,0,0,0,0,0,0,0,0,0,0,0,0,0
Hunter Renfrow,WR,FA,0,0,0,0,0,0,0,0,0,0,0,0,0,0,0,0,0,0,0,0
Josh Reynolds,WR,FA,0,0,0,0,0,0,0,0,0,0,0,0,0,0,0,0,0,0,0,0
C.J. Uzomah,TE,FA,0,0,0,0,0,0,0,0,0,0,0,0,0,0,0,0,0,0,0,0
Cordarrelle Patterson,RB,FA,0,0,0,0,0,0,0,0,0,0,0,0,0,0,0,0,0,0,0,0
Jamaal Williams,RB,FA,0,0,0,0,0,0,0,0,0,0,0,0,0,0,0,0,0,0,0,0
Daniel Carlson,K,FA,0,0,0,0,0,0,0,0,0,0,0,0,0,0,0,0,0,0,0,0
Tyler Lockett,WR,FA,0,0,0,0,0,0,0,0,0,0,0,0,0,0,0,0,0,0,0,0
Chris Conley,WR,FA,0,0,0,0,0,0,0,0,0,0,0,0,0,0,0,0,0,0,0,0
Amari Cooper,WR,LV,0,0,0,0,0,0,0,0,0,0,0,0,0,0,0,0,0,0,0,0
Nelson Agholor,WR,FA,0,0,0,0,0,0,0,0,0,0,0,0,0,0,0,0,0,0,0,0
Sterling Shepard,WR,FA,0,0,0,0,0,0,0,0,0,0,0,0,0,0,0,0,0,0,0,0
Jamison Crowder,WR,FA,0,0,0,0,0,0,0,0,0,0,0,0,0,0,0,0,0,0,0,0
Robbie Chosen,WR,FA,0,0,0,0,0,0,0,0,0,0,0,0,0,0,0,0,0,0,0,0
Michael Burton,RB,CLE,0,0,0,0,0,4,17,0,4,27,0,5,0,0,0,0,0,0,0,10.1
DeAndre Hopkins,WR,FA,0,0,0,0,0,0,0,0,0,0,0,0,0,0,0,0,0,0,0,0
Derek Carr,QB,NO,0,0,0,0,0,0,0,0,0,0,0,0,0,0,0,0,0,0,0,0
Allen Robinson,WR,FA,0,0,0,0,0,0,0,0,0,0,0,0,0,0,0,0,0,0,0,0
Keenan Allen,WR,FA,0,0,0,0,0,0,0,0,0,0,0,0,0,0,0,0,0,0,0,0
Odell Beckham Jr.,WR,FA,0,0,0,0,0,0,0,0,0,0,0,0,0,0,0,0,0,0,0,0
Zach Ertz,TE,FA,0,0,0,0,0,0,0,0,0,0,0,0,0,0,0,0,0,0,0,0
Justin Tucker,K,FA,0,0,0,0,0,0,0,0,0,0,0,0,0,0,0,0,0,0,0,0
Brandin Cooks,WR,FA,0,0,0,0,0,0,0,0,0,0,0,0,0,0,0,0,0,0,0,0
Jimmy Garoppolo,QB,FA,0,0,0,0,0,0,0,0,0,0,0,0,0,0,0,0,0,0,0,0
Robert Woods,WR,FA,0,0,0,0,0,0,0,0,0,0,0,0,0,0,0,0,0,0,0,0
Brandon McManus,K,FA,0,0,0,0,0,0,0,0,0,0,0,0,0,0,0,0,0,0,0,0
Adam Thielen,WR,PIT,0,0,0,0,0,0,0,0,0,0,0,0,0,0,0,0,0,0,0,0
Dustin Hopkins,K,FA,0,0,0,0,0,0,0,0,0,0,0,0,0,0,0,0,0,0,0,0
Greg Zuerlein,K,FA,0,0,0,0,0,0,0,0,0,0,0,0,0,0,0,0,0,0,0,0
Russell Wilson,QB,FA,0,0,0,0,0,0,0,0,0,0,0,0,0,0,0,0,0,0,0,0
Matt Prater,K,FA,0,0,0,0,0,0,0,0,0,0,0,0,0,0,0,0,0,0,0,0
Graham Gano,K,FA,0,0,0,0,0,0,0,0,0,0,0,0,0,0,0,0,0,0,0,0
Tyree Jackson,TE,FA,0,0,0,0,0,0,0,0,0,0,0,0,0,0,0,0,0,0,0,0
Steven Sims,WR,FA,0,0,0,0,0,0,0,0,0,0,0,0,0,0,0,0,0,0,0,0
Deonte Harty,WR,FA,0,0,0,0,0,0,0,0,0,0,0,0,0,0,0,0,0,0,0,0
D'Ernest Johnson,RB,FA,0,0,0,0,0,0,0,0,0,0,0,0,0,0,0,0,0,0,0,0
Khari Blasingame,RB,FA,0,0,0,0,0,0,0,0,0,0,0,0,0,0,0,0,0,0,0,0
Jakob Johnson,RB,FA,0,0,0,0,0,0,0,0,0,0,0,0,0,0,0,0,0,0,0,0
Pharaoh Brown,TE,FA,0,0,0,0,0,0,0,0,0,0,0,0,0,0,0,0,0,0,0,0
Craig Reynolds,RB,FA,0,0,0,0,0,0,0,0,0,0,0,0,0,0,0,0,0,0,0,0
Trenton Irwin,WR,FA,0,0,0,0,0,0,0,0,0,0,0,0,0,0,0,0,0,0,0,0
Donald Parham Jr.,TE,FA,0,0,0,0,0,0,0,0,0,0,0,0,0,0,0,0,0,0,0,0
Clyde Edwards-Helaire,RB,FA,0,0,0,0,0,0,0,0,0,0,0,0,0,0,0,0,0,0,0,0
Jalen Reagor,WR,FA,0,0,0,0,0,0,0,0,0,0,0,0,0,0,0,0,0,0,0,0
Ke'Shawn Vaughn,RB,FA,0,0,0,0,0,0,0,0,0,0,0,0,0,0,0,0,0,0,0,0
Zack Moss,RB,FA,0,0,0,0,0,0,0,0,0,0,0,0,0,0,0,0,0,0,0,0
Darrynton Evans,RB,FA,0,0,0,0,0,0,0,0,0,0,0,0,0,0,0,0,0,0,0,0
Joshua Kelley,RB,FA,0,0,0,0,0,0,0,0,0,0,0,0,0,0,0,0,0,0,0,0
Antonio Gibson,RB,FA,0,0,0,0,0,0,0,0,0,0,0,0,0,0,0,0,0,0,0,0
Laviska Shenault Jr.,WR,FA,0,0,0,0,0,0,0,0,0,0,0,0,0,0,0,0,0,0,0,0
Tyler Johnson,WR,DAL,0,0,0,0,0,0,0,0,0,0,0,0,0,0,0,0,0,0,0,0
Josiah Deguara,TE,FA,0,0,0,0,0,0,0,0,0,0,0,0,0,0,0,0,0,0,0,0
Harrison Bryant,TE,SEA,0,0,0,0,0,0,0,0,0,0,0,0,0,0,0,0,0,0,0,0
Gabe Davis,WR,FA,0,0,0,0,0,0,0,0,0,0,0,0,0,0,0,0,0,0,0,0
Collin Johnson,WR,FA,0,0,0,0,0,0,0,0,0,0,0,0,0,0,0,0,0,0,0,0
Vikings D/ST,DST,MIN,0,0,0,0,0,0,0,0,0,0,0,0,1099,38,14,9,11,1,1,71.3
Lions D/ST,DST,DET,0,0,0,0,0,0,0,0,0,0,0,0,997,40,13,9,13,1,1,110.5
