Rank,Name,Team,Position,Pass Comp/Att,Pass Yds,Pass TD,Pass INT,Rush Car,Rush Yds,Rush TD,Rec,Rec Yds,Rec TD,Targets,Standard,Half PPR,PPR,Projected,Bye Week
1,Ja'Marr Chase,Cin,WR,0/0,0,0,0,4,20,0,117,1533,11,165,221.3,279.8,338.3,69.1,10
2,Bijan Robinson,Atl,RB,0/0,0,0,0,303,1422,12,62,490,7,99,305.2,336.2,367.2,67.2,5
3,Justin Jefferson,Min,WR,0/0,0,0,0,0,0,0,116,1458,11,176,211.8,269.8,327.8,60.2,6
4,Saquon Barkley,Phi,RB,0/0,0,0,0,332,1161,11,48,378,2,82,231.9,255.9,279.9,66,9
5,Jahmyr Gibbs,Det,RB,0/0,0,0,0,235,1161,15,58,535,3,62,277.6,306.6,335.6,64.3,8
6,CeeDee Lamb,Dal,WR,0/0,0,0,0,49,117,0,117,1437,8,170,203.4,261.9,320.4,59.6,10
7,Christian McCaffrey,SF,RB,0/0,0,0,0,256,1169,17,72,612,7,80,322.1,358.1,394.1,55.5,14
8,Puka Nacua,LAR,WR,0/0,0,0,0,13,177,0,96,1197,7,169,179.4,227.4,275.4,47.3,8
9,Malik Nabers,NYG,WR,0/0,0,0,0,3,10,0,117,1257,1,193,132.7,191.2,249.7,48.6,14
10,Amon-Ra St. Brown,Det,WR,0/0,0,0,0,10,101,1,117,1527,11,178,234.8,293.3,351.8,51,8
11,Derrick Henry,Bal,RB,0/0,0,0,0,326,1530,15,17,155,0,25,258.5,267,275.5,54.2,7
12,Ashton Jeanty,LV,RB,0/0,0,0,0,273,1248,15,63,482,2,83,331.7,306.5,338,51,8
13,Nico Collins,Hou,WR,0/0,0,0,0,0,0,0,98,1346,8,143,182.6,231.6,280.6,52.8,6
14,Brian Thomas Jr.,Jax,WR,0/0,0,0,0,0,0,0,91,1342,8,142,182.2,227.7,273.2,43.5,8
15,A.J. Brown,Phi,WR,0/0,0,0,0,0,0,0,91,1342,8,142,182.2,227.7,273.2,34.9,9
16,Drake London,Atl,WR,0/0,0,0,0,0,0,0,98,1203,8,154,168.3,217.3,266.3,39.1,5
17,Jonathan Taylor,Ind,RB,0/0,0,0,0,342,1577,11,33,253,1,95,255,271.5,288,42.2,11
18,De'Von Achane,Mia,RB,0/0,0,0,0,218,999,9,74,559,4,89,233.8,270.8,307.8,42.7,12
19,Josh Jacobs,GB,RB,0/0,0,0,0,301,1289,12,42,329,2,59,245.8,266.8,287.8,42.4,5
20,Brock Bowers,LV,TE,0/0,0,0,0,6,18,0,110,1154,6,149,153.2,208.2,263.2,35.5,8
21,Trey McBride,Ari,TE,0/0,0,0,0,0,0,0,116,1173,6,149,153.3,211.3,269.3,29,8
22,Kyren Williams,LAR,RB,0/0,0,0,0,313,1377,12,36,235,2,46,245.2,263.2,281.2,33.1,8
23,Bucky Irving,TB,RB,0/0,0,0,0,263,1235,12,53,410,3,65,254.5,281,307.5,39.2,9
24,Tee Higgins,Cin,WR,0/0,0,0,0,0,0,0,94,1154,9,141,169.4,216.4,263.4,24.5,10
25,Davante Adams,LAR,WR,0/0,0,0,0,0,0,0,85,1177,9,137,171.7,214.2,256.7,15.7,8
26,Tyreek Hill,Mia,WR,0/0,0,0,0,0,0,0,96,1202,6,140,156.2,204.2,252.2,19.9,12
27,Ladd McConkey,LAC,WR,0/0,0,0,0,0,0,0,96,1202,6,140,156.2,204.2,252.2,31.9,12
28,Josh Allen,Buf,QB,336/523,3966,27,11,114,582,11,0,0,0,0,368.84,368.84,368.84,29.6,7
29,Lamar Jackson,Bal,QB,310/468,3702,31,14,145,890,4,0,0,0,0,357.08,357.08,357.08,29.4,7
30,Jayden Daniels,Was,QB,369/556,4106,27,12,147,814,7,0,0,0,0,371.64,371.64,371.64,23.8,12
31,Jalen Hurts,Phi,QB,323/485,3703,22,10,151,682,14,0,0,0,0,368.32,368.32,368.32,19.2,9
32,Chase Brown,Cin,RB,0/0,0,0,0,256,1081,9,64,427,2,79,216.8,248.8,280.8,36,10
33,James Cook,Buf,RB,0/0,0,0,0,264,1232,12,37,284,2,45,235.6,254.1,272.6,24.4,7
34,Terry McLaurin,WA,WR,0/0,0,0,0,2,13,0,86,1152,7,129,158.5,201.5,244.5,15.8,12
35,Mike Evans,TB,WR,0/0,0,0,0,0,0,0,79,1017,9,121,155.7,195.2,234.7,19.3,9
36,Jaxon Smith-Njigba,Sea,WR,0/0,0,0,0,7,40,0,89,1069,9,160,164.9,209.4,253.9,22.6,8
37,Omarion Hampton,LAC,RB,0/0,0,0,0,255,1144,11,41,300,2,90,222.4,242.9,263.4,23,12
38,Chuba Hubbard,Car,RB,0/0,0,0,0,218,948,7,45,292,1,67,172,194.5,217,17.4,14
39,Joe Burrow,Cin,QB,431/627,4646,34,12,50,199,3,0,0,0,0,335.74,335.74,335.74,13.2,10
40,George Kittle,SF,TE,0/0,0,0,0,0,0,0,73,1105,7,105,152.5,189,225.5,23.7,14
41,James Conner,Ari,RB,0/0,0,0,0,232,1048,9,46,344,2,93,205.2,228.2,251.2,14.5,8
42,Alvin Kamara,NO,RB,0/0,0,0,0,216,916,6,71,575,2,94,197.1,232.6,268.1,15.9,11
43,TreVeyon Henderson,NE,RB,0/0,0,0,0,158,777,6,29,199,2,38,145.6,160.1,174.6,10.8,14
44,Kenneth Walker III,Sea,RB,0/0,0,0,0,255,1063,4,65,332,1,57,169.5,202,234.5,17.7,8
45,Breece Hall,NYJ,RB,0/0,0,0,0,228,1008,5,45,387,2,97,181.5,204,226.5,18.9,9
46,Xavier Worthy,KC,WR,0/0,0,0,0,20,77,0,111,1007,7,177,150.4,205.9,261.4,6.6,10
47,Marvin Harrison Jr.,Ari,WR,0/0,0,0,0,5,26,0,118,1344,7,191,179,238,297,17.3,8
48,Garrett Wilson,NYJ,WR,0/0,0,0,0,10,63,0,74,1073,7,147,155.6,192.6,229.6,18.7,9
49,Zay Flowers,Bal,WR,0/0,0,0,0,10,63,0,74,1073,7,147,155.6,192.6,229.6,7.7,7
50,DK Metcalf,Sea,WR,0/0,0,0,0,0,0,0,82,1180,7,137,160,201,242,10.8,8
51,Calvin Ridley,Ten,WR,0/0,0,0,0,0,0,0,70,1105,7,131,152.5,187.5,222.5,4.8,10
52,D'Andre Swift,Chi,RB,0/0,0,0,0,252,1036,7,37,294,1,48,181,199.5,218,7.2,5
53,Courtland Sutton,Den,WR,0/0,0,0,0,0,0,0,75,1018,9,125,155.8,193.3,230.8,7.8,12
54,DJ Moore,Chi,WR,0/0,0,0,0,0,0,0,75,838,5,94,113.8,151.3,188.8,8.4,5
55,Rashee Rice,KC,WR,0/0,0,0,0,1,0,0,75,838,5,99,113.8,151.3,188.8,9,10
56,Jameson Williams,Det,WR,0/0,0,0,0,10,74,0,66,1084,5,109,145.8,178.8,211.8,6.1,8
57,George Pickens,Pit,WR,0/0,0,0,0,2,12,0,71,1033,7,117,146.5,182,217.5,7.4,5
58,Rome Odunze,Chi,WR,0/0,0,0,0,2,13,0,72,1155,7,122,158.8,194.8,230.8,2.7,5
59,DeVonta Smith,Phi,WR,0/0,0,0,0,4,23,0,87,1087,6,131,147,190.5,234,9,9
60,Jaylen Waddle,Mia,WR,0/0,0,0,0,0,0,0,75,780,6,103,114,151.5,189,6.2,12
61,Sam LaPorta,Det,TE,0/0,0,0,0,0,0,0,90,1203,9,122,174.3,219.3,264.3,9,8
62,Patrick Mahomes,KC,QB,409/607,4368,30,12,73,369,3,0,0,0,0,325.62,325.62,325.62,7.1,10
63,Baker Mayfield,TB,QB,378/554,4162,33,14,62,320,2,0,0,0,0,314.48,314.48,314.48,4.3,9
64,Drake Maye,NE,QB,0/0,3639,23,13,76,543,2,0,0,0,0,277.86,277.86,277.86,1.4,14
65,Jerry Jeudy,Cle,WR,0/0,0,0,0,0,0,0,91,1216,4,144,145.6,191.1,236.6,2.4,9
66,Travis Hunter,Jax,WR,0/0,0,0,0,0,0,0,91,1216,4,144,145.6,191.1,236.6,5,8
67,David Montgomery,Det,RB,0/0,0,0,0,206,851,10,36,272,1,43,178.3,196.3,214.3,8.5,8
68,Tony Pollard,Ten,RB,0/0,0,0,0,229,988,5,45,293,1,60,164.1,186.6,209.1,7.5,10
69,T.J. Hockenson,Min,TE,0/0,0,0,0,0,0,0,82,810,4,119,105,146,187,5.3,6
70,Aaron Jones,Min,RB,0/0,0,0,0,180,796,4,52,390,3,67,160.6,186.6,212.6,5.7,6
71,Isiah Pacheco,KC,RB,0/0,0,0,0,209,885,7,46,297,2,74,172.2,195.2,218.2,7.7,10
72,RJ Harvey,Den,RB,0/0,0,0,183,814,5,46,353,2,62,,282.7,459.2,635.7,10.6,12
73,Matthew Golden,GB,WR,0/0,0,0,0,0,0,0,69,958,7,113,137.8,172.3,206.8,2.2,5
74,Chris Godwin,TB,WR,0/0,0,0,0,2,10,0,72,1156,6,97,152.6,188.6,224.6,3.5,9
75,Jakobi Meyers,LV,WR,0/0,0,0,0,2,12,0,88,986,5,126,129.8,173.8,217.8,2.3,8
76,Chris Olave,NO,WR,0/0,0,0,0,0,0,0,76,1077,6,123,143.7,181.7,219.7,3.1,11
77,Cooper Kupp,LAR,WR,0/0,0,0,0,2,13,0,77,923,5,115,123.6,162.1,200.6,1.9,8
78,Jordan Addison,Min,WR,0/0,0,0,0,2,10,0,62,773,6,101,114.3,145.3,176.3,2.1,6
79,Emeka Egbuka,TB,WR,0/0,0,0,4,28,0,59,791,3,92,,898.3,1293.8,1689.3,3.6,9
80,Tyrone Tracy Jr.,NYG,RB,0/0,0,0,0,218,949,6,39,297,2,63,172.6,192.1,211.6,3.6,14
81,Jacory Croskey-Merritt,Was,RB,0/0,0,0,0,181,745,7,25,179,1,32,140.4,152.9,165.4,4,12
82,Kaleb Johnson,Pit,RB,0/0,0,0,0,229,975,7,25,180,1,33,163.5,176,188.5,6.6,5
83,Mark Andrews,Bal,TE,0/0,0,0,0,0,0,0,61,657,7,92,107.7,138.2,168.7,4.2,7
84,Travis Kelce,KC,TE,0/0,0,0,0,0,0,0,75,727,5,103,102.7,140.2,177.7,5.6,10
85,David Njoku,Cle,TE,0/0,0,0,0,0,0,0,73,739,5,110,103.9,140.4,176.9,2.2,9
86,Evan Engram,Den,TE,0/0,0,0,0,0,0,0,80,717,3,108,89.7,129.7,169.7,2.5,12
87,Bo Nix,Den,QB,367/557,3966,27,12,45,418,4,0,0,0,0,308.44,308.44,308.44,4.3,12
88,Kyler Murray,Ari,QB,374/552,3865,25,12,90,597,5,0,0,0,0,320.3,320.3,320.3,2.3,8
89,Brock Purdy,SF,QB,366/544,4568,33,13,29,264,4,0,0,0,0,339.12,339.12,339.12,2.4,14
90,Joe Mixon,Hou,RB,0/0,0,0,0,192,814,3,42,265,2,62,137.9,158.9,179.9,8.2,6
91,Jaylen Warren,Pit,RB,0/0,0,0,0,160,709,4,56,407,2,74,147.6,175.6,203.6,2.7,5
92,Austin Ekeler,Was,RB,0/0,0,0,0,112,444,5,51,421,2,62,128.5,154,179.5,1.4,12
93,J.K. Dobbins,Den,RB,0/0,0,0,157,707,5,29,174,1,49,,154.6,241.6,328.6,2.5,12
94,Rhamondre Stevenson,NE,RB,0/0,0,0,0,186,776,4,29,199,2,38,133.5,148,162.5,1.5,14
95,Javonte Williams,Den,RB,0/0,0,0,0,162,642,6,36,240,1,47,130.2,148.2,166.2,1.7,12
96,Stefon Diggs,Hou,WR,0/0,0,0,0,2,13,0,82,918,4,117,117.1,158.1,199.1,2.1,6
97,Michael Pittman Jr.,WA,WR,0/0,0,0,0,0,0,0,89,1007,5,147,130.7,175.2,219.7,1.2,12
98,Deebo Samuel,SF,WR,0/0,0,0,0,27,121,2,85,894,5,140,143.5,186,228.5,2.5,14
99,Keon Coleman,Buf,WR,0/0,0,0,0,0,0,0,51,853,8,97,133.3,158.8,184.3,1.3,7
100,Jauan Jennings,SF,WR,0/0,0,0,0,0,0,0,73,994,5,112,129.4,165.9,202.4,1.8,14
101,Khalil Shakir,Buf,WR,0/0,0,0,0,0,0,0,83,834,7,111,125.4,166.9,208.4,1.2,7
102,Ricky Pearsall,SF,WR,0/0,0,0,0,29,63,0,65,928,4,100,123.1,155.6,188.1,3,14
103,Justin Herbert,LAC,QB,374/572,4161,25,10,63,266,3,0,0,0,0,291.04,291.04,291.04,1.4,12
104,Caleb Williams,Chi,QB,392/553,3913,25,7,75,446,6,0,0,0,0,323.12,323.12,323.12,1.3,5
105,Dak Prescott,Dal,QB,393/593,3971,30,14,49,195,4,0,0,0,0,294.34,294.34,294.34,2.1,10
106,Justin Fields,Chi,QB,301/483,3370,17,12,161,824,7,0,0,0,0,303.2,303.2,303.2,2.3,5
107,Jayden Reed,GB,WR,0/0,0,0,0,14,102,0,57,703,4,83,104.5,133,161.5,1.3,5
108,Darnell Mooney,Atl,WR,0/0,0,0,0,0,0,0,53,890,7,96,131,157.5,184,1.1,5
109,Keenan Allen,LAC,WR,0/0,0,0,0,0,0,0,75,1023,7,113,144.3,181.8,219.3,1.2,12
110,Josh Downs,Ind,WR,0/0,0,0,0,6,39,0,62,925,4,105,120.4,151.4,182.4,1.1,11
111,Rashid Shaheed,NO,WR,0/0,0,0,0,6,39,0,66,769,4,87,104.8,137.8,170.8,1.1,11
112,Jayden Higgins,Hou,WR,0/0,0,0,0,0,0,0,66,769,4,87,100.9,133.9,166.9,1.2,6
113,Tyler Warren,TE,TE,0/0,0,0,0,0,0,0,65,691,5,91,99.1,131.6,164.1,2.8,
114,Cam Skattebo,NYG,RB,0/0,0,0,0,182,792,6,17,122,0,29,127.4,135.9,144.4,1.8,14
115,Tank Bigsby,Jax,RB,0/0,0,0,0,182,792,6,17,122,0,29,127.4,135.9,144.4,1.5,8
116,Jordan Mason,Mia,RB,0/0,0,0,0,176,815,4,13,89,0,17,114.4,120.9,127.4,3.3,12
117,Tyjae Spears,Ten,RB,0/0,0,0,0,133,561,4,40,299,1,52,116,136,156,1.2,10
118,Travis Etienne Jr.,Jax,RB,0/0,0,0,0,129,532,4,43,333,1,58,116.5,138,159.5,2.6,8
119,Quinshon Judkins,Cle,RB,0/0,0,0,0,168,736,4,27,191,1,35,122.7,136.2,149.7,3.5,9
120,Rachaad White,TB,RB,0/0,0,0,0,116,496,4,32,231,2,38,108.7,124.7,140.7,1.2,9
121,Drake Maye,NE,QB,350/523,3639,23,13,76,543,2,0,0,0,0,277.86,277.86,277.86,1.4,14
122,Jordan Love,GB,QB,349/543,4041,26,14,8,176,2,0,0,0,0,267.24,267.24,267.24,1.2,5
123,Jared Goff,Det,QB,388/563,4347,26,14,7,42,0,0,0,0,0,254.08,254.08,254.08,1.8,8
124,J.J. McCarthy,Min,QB,389/603,4175,29,15,54,230,2,0,0,0,0,288,288,288,1.3,6
125,Colston Loveland,Chi,TE,0/0,0,0,0,0,0,0,61,665,5,90,96.5,127,157.5,1.4,5
126,Tucker Kraft,GB,TE,0/0,0,0,0,0,0,0,63,723,4,95,96.3,127.8,159.3,1.6,5
127,Dallas Goedert,Phi,TE,0/0,0,0,0,0,0,0,50,663,4,85,90.3,115.3,140.3,1.2,9
128,Kyle Pitts,Atl,TE,0/0,0,0,0,0,0,0,56,678,4,86,91.8,119.8,147.8,1.3,5
129,Dalton Kincaid,Buf,TE,0/0,0,0,0,0,0,0,56,678,4,86,91.8,119.8,147.8,1.3,7
130,Trey Benson,Ari,RB,0/0,0,0,0,138,608,4,21,154,1,27,106.2,116.7,127.2,1.5,8
131,Zach Charbonnet,Sea,RB,0/0,0,0,0,132,574,4,30,217,1,39,109.1,124.1,139.1,2.5,8
132,Tyler Allgeier,Atl,RB,0/0,0,0,0,121,552,4,41,178,2,53,109,129.5,150,1.2,5
133,Jaydon Blue,Dal,RB,0/0,0,0,0,104,435,3,23,160,1,29,83.5,95,106.5,1.8,10
134,Jaylen Wright,Mia,RB,0/0,0,0,0,105,445,3,18,129,1,24,81.4,90.4,99.4,1.2,12
135,Braelon Allen,NYJ,RB,0/0,0,0,0,107,447,2,14,104,0,18,67.1,74.1,81.1,1.7,9
136,Adam Thielen,Car,WR,0/0,0,0,0,0,0,0,73,709,4,99,94.9,131.4,167.9,1.1,14
137,Xavier Legette,Car,WR,0/0,0,0,0,0,0,0,57,700,4,94,94,122.5,151,1,14
138,Cedric Tillman,Cle,WR,0/0,0,0,0,0,0,0,64,843,4,110,108.3,140.3,172.3,1,9
139,Hollywood Brown,KC,WR,0/0,0,0,0,0,0,0,55,761,5,95,106.1,133.6,161.1,1.1,10
140,Brandon Aiyuk,SF,WR,0/0,0,0,0,0,0,0,87,579,3,85,75.9,119.4,162.9,1.5,14
141,Hunter Henry,NE,TE,0/0,0,0,0,0,0,0,54,583,5,81,88.3,115.3,142.3,1,14
142,Jake Ferguson,Dal,TE,0/0,0,0,0,0,0,0,66,633,3,84,81.3,114.3,147.3,1.2,10
143,Tua Tagovailoa,Mia,QB,412/601,4577,27,13,35,103,1,0,0,0,0,281.38,281.38,281.38,1.4,12
144,Matthew Stafford,LAR,QB,381/590,4435,23,14,33,293,0,0,0,0,0,270.7,270.7,270.7,1.2,8
145,C.J. Stroud,Hou,QB,365/568,4373,24,11,51,519,3,0,0,0,0,318.82,318.82,318.82,1.4,6
146,Jerome Ford,Cle,RB,0/0,0,0,0,0,0,0,87,998,3,117,117.8,161.3,204.8,1.3,9
147,Najee Harris,Pit,RB,0/0,0,0,0,113,457,3,17,0,0,0,63.7,72.2,80.7,2,5
148,Bhayshul Tuten,Jax,RB,0/0,0,0,0,52,226,1,13,91,0,17,37.7,44.2,50.7,1.2,8
149,Ray Davis,Buf,RB,0/0,0,0,0,106,440,3,57,0,0,0,62,90.5,119,1.3,7
150,Will Shipley,Phi,RB,0/0,0,0,0,56,240,1,76,0,0,0,30,68,106,1,9
151,Nick Chubb,Hou,RB,0/0,0,0,0,139,607,5,10,81,0,14,98.8,103.8,108.8,1.8,6
152,Wan'Dale Robinson,NYG,WR,0/0,0,0,0,2,13,0,69,675,7,102,110.8,145.3,179.8,1,14
153,Marvin Mims Jr.,Den,WR,0/0,0,0,0,22,108,1,44,628,4,65,103.6,125.6,147.6,1.2,12
154,Christian Kirk,Hou,WR,0/0,0,0,0,0,0,0,49,619,5,95,91.9,116.4,140.9,1.1,6
155,Rashod Bateman,Bal,WR,0/0,0,0,0,0,0,0,43,611,6,95,97.1,118.6,140.1,1.1,7
156,DeMario Douglas,NE,WR,0/0,0,0,0,2,14,0,56,636,3,81,83,111,139,1,14
157,Luther Burden III,Chi,WR,0/0,0,0,0,4,26,0,38,439,3,58,64.5,83.5,102.5,1.2,5
158,Tre' Harris,LAC,WR,0/0,0,0,0,0,0,0,39,392,6,67,75.2,94.7,114.2,1.5,12
159,Michael Wilson,Ari,WR,0/0,0,0,0,0,0,0,33,523,5,70,82.3,98.8,115.3,1,8
160,Brian Robinson Jr.,Was,RB,0/0,0,0,0,194,853,8,26,367,3,57,188,201,214,3.4,12
161,Justice Hill,Bal,RB,0/0,0,0,0,41,185,1,38,316,2,50,68.1,87.1,106.1,1,7
162,MarShawn Lloyd,LV,RB,0/0,0,0,0,62,260,2,20,143,0,26,52.3,62.3,72.3,1,8
163,Jack Bech,Hou,WR,0/0,0,0,0,2,14,0,36,323,2,54,45.7,63.7,81.7,1,6
164,Kyle Williams,Cle,WR,0/0,0,0,0,2,14,0,33,316,2,52,45,61.5,78,1.1,9
165,Zach Ertz,Was,TE,0/0,0,0,0,0,0,0,57,511,5,82,81.1,109.6,138.1,1.1,12
166,Jonnu Smith,Mia,TE,0/0,0,0,0,0,0,0,57,667,6,93,102.7,131.2,159.7,1.6,12
167,Darren Waller,NYG,TE,0/0,0,0,0,0,0,0,62,704,3,89,88.4,119.4,150.4,1.4,14
168,Cade Otton,TB,TE,0/0,0,0,0,0,0,0,50,578,4,70,81.8,106.8,131.8,1.3,9
169,Texans D/ST,Hou,D/ST,0/0,0,0,0,0,0,0,0,0,0,0,131.7,131.7,131.7,1,6
170,Steelers D/ST,Pit,D/ST,0/0,0,0,0,0,0,0,0,0,0,0,132.5,132.5,132.5,1,5
171,Broncos D/ST,Den,D/ST,0/0,0,0,0,0,0,0,0,0,0,0,127.5,127.5,127.5,1,12
172,Vikings D/ST,Min,D/ST,0/0,0,0,0,0,0,0,0,0,0,0,119.6,119.6,119.6,1,6
173,Seahawks D/ST,Sea,D/ST,0/0,0,0,0,0,0,0,0,0,0,0,119.6,119.6,119.6,1,8
174,Ravens D/ST,Bal,D/ST,0/0,0,0,0,0,0,0,0,0,0,0,120.4,120.4,120.4,1,7
175,Patriots D/ST,NE,D/ST,0/0,0,0,0,0,0,0,0,0,0,0,116.5,116.5,116.5,1,14
176,Lions D/ST,Det,D/ST,0/0,0,0,0,0,0,0,0,0,0,0,118.2,118.2,118.2,1,8
177,Eagles D/ST,Phi,D/ST,0/0,0,0,0,0,0,0,0,0,0,0,100,100,100,1,9
178,Bills D/ST,Buf,D/ST,0/0,0,0,0,0,0,0,0,0,0,0,104.9,104.9,104.9,1,7
179,Colts D/ST,Ind,D/ST,0/0,0,0,0,0,0,0,0,0,0,0,108.5,108.5,108.5,1,11
180,Jets D/ST,NYJ,D/ST,0/0,0,0,0,0,0,0,0,0,0,0,96.7,96.7,96.7,1,9
181,Jake Bates,Det,K,0/0,0,0,0,0,0,0,0,0,0,0,144.8,144.8,144.8,1.5,8
182,Chase McLaughlin,TB,K,0/0,0,0,0,0,0,0,0,0,0,0,146.3,146.3,146.3,1.2,9
183,Cameron Dicker,LAC,K,0/0,0,0,0,0,0,0,0,0,0,0,143.7,143.7,143.7,1.7,12
184,Brandon Aubrey,Dal,K,0/0,0,0,0,0,0,0,0,0,0,0,142.2,142.2,142.2,3.3,10
185,Mason Sanders,GB,K,0/0,0,0,0,0,0,0,0,0,0,0,140.6,140.6,140.6,1,5
186,Tyler Bass,Buf,K,0/0,0,0,0,0,0,0,0,0,0,0,141.3,141.3,141.3,1.3,7
187,Jake Elliott,Phi,K,0/0,0,0,0,0,0,0,0,0,0,0,141.1,141.1,141.1,1.2,9
188,Chris Boswell,Pit,K,0/0,0,0,0,0,0,0,0,0,0,0,138.2,138.2,138.2,1.3,5
189,Harrison Butker,KC,K,0/0,0,0,0,0,0,0,0,0,0,0,138.9,138.9,138.9,1.4,10
190,Cairo Santos,Chi,K,0/0,0,0,0,0,0,0,0,0,0,0,139.6,139.6,139.6,1,5
191,Tyler Loup,Bal,K,0/0,0,0,0,0,0,0,0,0,0,0,140,140,140,1,7
192,Matt Gay,Ind,K,0/0,0,0,0,0,0,0,0,0,0,0,140,140,140,1,11
193,Romeo Doubs,GB,WR,0/0,0,0,0,0,0,0,48,575,4,76,81.5,105.5,129.5,1,5
194,Tyler Lockett,Ten,WR,0/0,0,0,0,0,0,0,46,497,4,71,73.7,96.7,119.7,1,10
195,Roschon Johnson,Chi,RB,0/0,0,0,0,74,302,4,15,92,0,19,63.4,70.9,78.4,1,5
196,Dylan Sampson,Cle,RB,0/0,0,0,0,70,298,3,12,93,0,17,57.1,63.1,69.1,1.2,9
197,Nick Westbrook-Ikhine,Was,WR,0/0,0,0,0,0,0,0,34,486,4,59,72.6,89.6,106.6,1,12
198,Trevor Lawrence,Jax,QB,384/592,4274,22,14,60,283,4,0,0,0,0,283.26,283.26,283.26,1.2,8
199,Cam Ward,Ind,QB,350/562,3821,23,15,65,298,2,0,0,0,0,256.64,256.64,256.64,1.3,11
200,Michael Penix Jr.,Atl,QB,347/545,3962,23,15,47,188,3,0,0,0,0,257.28,257.28,257.28,1.4,5
201,Joshua Palmer,Buf,WR,0/0,0,0,0,0,0,0,42,505,3,66,68.5,89.5,110.5,1,7
202,Diontae Johnson,Cle,WR,0/0,0,0,0,0,0,0,42,505,3,66,68.5,89.5,110.5,1,9
203,Brandin Cooks,Dal,WR,0/0,0,0,0,0,0,0,41,495,3,72,67.5,88,108.5,1,10
204,Darius Slayton,NYG,WR,0/0,0,0,0,2,13,0,28,569,3,49,76.2,90.2,104.2,1,14
205,DeAndre Hopkins,Ten,WR,0/0,0,0,0,2,13,0,66,1033,7,128,146.6,179.6,212.6,1.1,10
206,Brenton Strange,Jax,TE,0/0,0,0,0,0,0,0,61,583,3,86,76.3,106.8,137.3,1.1,8
207,Chig Okonkwo,Ten,TE,0/0,0,0,0,0,0,0,58,592,2,90,71.2,100.2,129.2,1,10
208,Pat Bryant,Den,WR,0/0,0,0,0,0,0,0,24,269,1,39,32.9,44.9,56.9,1,12
209,Quentin Johnston,LAC,WR,0/0,0,0,0,0,0,0,58,592,2,90,71.2,100.2,129.2,1,12
210,Dont't Thornton Jr.,Buf,WR,0/0,0,0,0,0,0,0,62,571,2,92,69.1,100.1,131.1,1,7
211,Adonai Mitchell,IN,WR,0/0,0,0,0,5,27,0,28,374,0,50,40.1,54.1,68.1,1,6
212,Woody Marks,Hou,RB,0/0,0,0,0,49,213,1,22,163,0,31,43.6,54.6,65.6,1,6
213,Kareem Hunt,KC,RB,0/0,0,0,0,66,262,3,14,88,1,18,59,66,73,1.2,10
214,Blake Corum,LAR,RB,0/0,0,0,0,58,246,2,9,63,0,11,42.9,47.4,51.9,1.1,8
215,Mason Taylor,TE,TE,0/0,0,0,0,0,0,0,55,570,2,79,69,96.5,124,1.3,
216,Elijah Arroyo,Sea,TE,0/0,0,0,0,0,0,0,46,462,1,66,52.2,75.2,98.2,1.1,8
217,Pat Freiermuth,Pit,TE,0/0,0,0,0,0,0,0,62,541,3,82,72.1,103.1,134.1,1.1,5
218,Bryce Young,Car,QB,373/599,3903,22,13,51,293,4,0,0,0,0,271.42,271.42,271.42,1.2,14
219,Geno Smith,Sea,QB,400/592,4250,21,13,58,287,2,0,0,0,0,268.7,268.7,268.7,1.3,8
220,Sam Darnold,Sea,QB,357/548,3885,22,14,222,2,0,0,0,0,0,215.6,215.6,215.6,2.2,8
221,Kendre Miller,NO,RB,0/0,0,0,0,75,320,2,11,75,0,14,51.5,57,62.5,1,11
222,Rico Dowdle,Dal,RB,0/0,0,0,0,75,338,2,21,149,1,28,66.7,77.2,87.7,1.1,10
223,Miles Sanders,Car,RB,0/0,0,0,0,95,419,3,9,55,0,12,65.4,69.9,74.4,1,14
225,DJ Giddens,IN,RB,0/0,0,0,0,14,58,0,39,0,0,7,5.8,25.3,44.8,1,6
226,Samaje Perine,Den,RB,0/0,0,0,0,46,197,1,17,137,1,21,45.4,53.9,62.4,1,12
227,Gabe Davis,Buf,WR,0/0,0,0,0,0,0,0,45,465,2,65,58.5,81,103.5,1,7
228,Ray-Ray McCloud III,Atl,WR,0/0,0,0,0,0,0,0,45,465,2,65,58.5,81,103.5,1,5
229,Josh Reynolds,NO,WR,0/0,0,0,0,0,0,0,39,496,4,65,73.6,93.1,112.6,1,11
230,Dyami Brown,Jax,WR,0/0,0,0,0,0,0,0,40,517,3,63,69.7,89.7,109.7,1,8
231,Tutu Atwell,LAR,WR,0/0,0,0,0,0,0,0,40,490,2,63,61,81,101,1,8
232,Calvin Austin III,Pit,WR,0/0,0,0,0,3,16,0,14,227,2,25,36.3,43.3,50.3,1,5
233,Christian Watson,GB,WR,0/0,0,0,0,3,16,0,14,227,2,25,36.3,43.3,50.3,1,5
234,Tre Tucker,LV,WR,0/0,0,0,0,8,47,0,28,380,2,46,54.7,68.7,82.7,1,8
235,Giants D/ST,NYG,D/ST,0/0,0,0,0,0,0,0,0,0,0,0,108.5,108.5,108.5,1,14
236,Buccaneers D/ST,TB,D/ST,0/0,0,0,0,0,0,0,0,0,0,0,104.2,104.2,104.2,1,9
237,Ka'imi Fairbairn,Hou,K,0/0,0,0,0,0,0,0,0,0,0,0,137.1,137.1,137.1,1.2,6
238,Joshua Karty,LAR,K,0/0,0,0,0,0,0,0,0,0,0,0,137.3,137.3,137.3,1.3,8
239,Kenneth Gainwell,Phi,RB,0/0,0,0,0,50,212,2,12,87,0,19,41.9,47.9,53.9,1,9
240,Ty Johnson,Buf,RB,0/0,0,0,0,0,0,0,14,148,1,30,20.8,27.8,34.8,1,7
241,Elijah Mitchell,SF,RB,0/0,0,0,0,50,215,2,9,62,0,12,39.7,44.2,48.7,1,14
242,Raheem Mostert,Mia,RB,0/0,0,0,0,47,205,1,9,62,0,11,32.7,37.2,41.7,1,12
243,Clyde Edwards-Helaire,KC,RB,0/0,0,0,0,54,237,1,2,48,0,7,34.5,35.5,36.5,1,10
244,Isacc Guerendo,SF,RB,0/0,0,0,0,43,190,2,16,0,0,3,31,39,47,1,14
245,Kyle Monangai,Cle,RB,0/0,0,0,0,0,0,0,52,215,2,12,33.5,59.5,85.5,1,9
246,Ollie Gordon II,Mia,RB,0/0,0,0,0,40,167,1,5,33,0,8,26,28.5,31,1,12
247,Sean Tucker,TB,RB,0/0,0,0,0,31,139,1,4,31,0,6,23,25,27,1,9
248,Isiah Davis,NYJ,RB,0/0,0,0,0,23,102,1,7,52,0,9,21.4,24.9,28.4,1,9
249,Keaton Mitchell,Bal,RB,0/0,0,0,0,36,165,1,2,13,0,2,23.8,24.8,25.8,1,7
250,Devin Neal,NO,RB,0/0,0,0,0,34,140,1,4,29,0,6,22.9,24.9,26.9,1,11
251,Kyle Juszczyk,SF,RB,0/0,0,0,0,4,18,0,14,408,4,70,66.6,73.6,80.6,1,14
252,Noah Brown,WA,WR,0/0,0,0,0,0,0,0,12,366,3,16,54.6,60.6,66.6,1,12
253,Allen Lazard,NYJ,WR,0/0,0,0,0,0,0,0,28,351,2,46,47.1,61.1,75.1,1,9
254,Cardinals D/ST,Ari,D/ST,0/0,0,0,0,0,0,0,0,0,0,0,100.2,100.2,100.2,1,8
255,Packers D/ST,GB,D/ST,0/0,0,0,0,0,0,0,0,0,0,0,84.5,84.5,84.5,1,5
256,Brandon McManus,Jax,K,0/0,0,0,0,0,0,0,0,0,0,0,135.6,135.6,135.6,1,8
257,Evan McPherson,Cin,K,0/0,0,0,0,0,0,0,0,0,0,0,136.1,136.1,136.1,1,10
258,Isaiah Likely,Bal,TE,0/0,0,0,0,0,0,0,36,359,5,55,65.9,83.9,101.9,1,7
259,Dallton Schultz,Hou,TE,0/0,0,0,0,0,0,0,51,557,7,64,97.7,123.2,148.7,1,6
260,Mike Gesicki,Cin,TE,0/0,0,0,0,0,0,0,56,626,3,77,80.6,108.6,136.6,1,10
261,KaVontae Turpin,Dal,WR,0/0,0,0,0,12,76,0,26,263,2,37,45.9,58.9,71.9,1,10
262,Jalen Tolbert,Dal,WR,0/0,0,0,0,0,0,0,36,309,3,42,48.9,66.9,84.9,1,10
263,Andrei Iosivas,Cin,WR,0/0,0,0,0,0,0,0,26,306,3,43,48.6,61.6,74.6,1,10
264,Jalen McMillan,TB,WR,0/0,0,0,0,1,6,0,10,105,1,16,17.1,22.1,27.1,1,9
265,Emari Demercado,Ari,RB,0/0,0,0,0,31,135,1,4,41,0,7,23.6,25.6,27.6,1,8
266,Jaquez Hunter,LAR,RB,0/0,0,0,0,31,135,1,4,41,0,7,23.6,25.6,27.6,1,8
267,Daniel Jones,NYG,QB,254/400,2660,21,10,88,435,4,0,0,0,0,237.9,237.9,237.9,1,14
268,Aaron Rodgers,Pit,QB,370/562,3877,21,11,31,112,1,0,0,0,0,234.28,234.28,234.28,1,5
269,Russell Wilson,NYG,QB,168/265,1901,9,5,30,119,1,0,0,0,0,119.94,119.94,119.94,1,14
270,Joe Flacco,Cle,QB,180/291,1973,8,7,21,69,1,0,0,0,0,109.82,109.82,109.82,1,9
271,Alec Pierce,Ind,WR,0/0,0,0,0,24,335,2,45,0,0,0,45.5,68,90.5,1,11
272,Jamari Thrash,Cle,WR,0/0,0,0,0,25,332,1,39,0,0,0,39.2,58.7,78.2,1,9
273,Janlen Coker,Car,WR,0/0,0,0,0,21,286,2,38,0,0,0,40.6,59.6,78.6,1,14
274,Tom Jefferson,Ten,WR,0/0,0,0,0,21,286,2,38,0,0,0,40.6,59.6,78.6,1,10
275,Greg Dortch,Ari,WR,0/0,0,0,0,4,28,0,23,239,1,32,32.7,44.2,55.7,1,8
276,Chris Brooks,Mia,RB,0/0,0,0,0,27,116,1,4,27,0,6,20.3,22.3,24.3,1,12
277,Pierre Strong Jr.,Cle,RB,0/0,0,0,0,12,52,0,12,66,0,16,11.8,17.8,23.8,1,9
278,Trevor Etienne,Car,RB,0/0,0,0,0,24,103,4,30,0,0,6,34.3,49.3,64.3,1,14
279,Sincere McCormick,LV,RB,0/0,0,0,0,24,101,1,31,0,0,6,16.1,31.6,47.1,1,8
280,Dare Ogunbowale,Hou,RB,0/0,0,0,0,11,45,0,7,55,0,9,10,13.5,17,1,6
281,Taijh Brooks,Cin,RB,0/0,0,0,0,25,101,1,42,0,0,8,16.1,37.1,58.1,1,10
282,Brashard Smith,KC,RB,0/0,0,0,0,10,40,0,7,0,0,7,4,7.5,11,1,10
283,Jordan Whittington,LAR,WR,0/0,0,0,0,2,14,0,21,240,2,31,37.4,47.9,58.4,1,8
284,Chiefs D/ST,KC,D/ST,0/0,0,0,0,0,0,0,0,0,0,0,95.4,95.4,95.4,1,10
285,Bears D/ST,Chi,D/ST,0/0,0,0,0,0,0,0,0,0,0,0,92.3,92.3,92.3,1,5
286,Jason Myers,Sea,K,0/0,0,0,0,0,0,0,0,0,0,0,135,135,135,1,8
287,Wil Lutz,Den,K,0/0,0,0,0,0,0,0,0,0,0,0,134.7,134.7,134.7,1,12
288,Tyler Higbee,LAR,TE,0/0,0,0,0,0,0,0,52,483,4,74,72.3,98.3,124.3,1,8
289,Theo Johnson,NYG,TE,0/0,0,0,0,0,0,0,7,547,3,10,72.7,76.2,79.7,1,14
290,Juwan Johnson,NO,TE,0/0,0,0,0,0,0,0,51,304,2,72,42.4,67.9,93.4,1,11
291,Ja'Tavion Sanders,Car,TE,0/0,0,0,0,0,0,0,44,443,2,61,56.3,78.3,100.3,1,14
292,Michael Mayer,LV,TE,0/0,0,0,0,0,0,0,32,315,2,26,43.5,59.5,75.5,1,8
293,Jalen Nailor,Min,WR,0/0,0,0,0,13,20,0,20,241,2,33,38.1,48.1,58.1,1,6
294,Devaughn Vele,NO,WR,0/0,0,0,0,22,224,3,33,0,0,0,40.4,56.9,73.4,1,11
295,Tyler Shough,ND,QB,233/376,2581,12,10,40,173,2,0,0,0,0,160.54,160.54,160.54,1,11
296,Rams D/ST,LAR,D/ST,0/0,0,0,0,0,0,0,0,0,0,0,87.2,87.2,87.2,1,8
297,49ers D/ST,SF,D/ST,0/0,0,0,0,0,0,0,0,0,0,0,75,75,75,1,14
298,Dolphins D/ST,Mia,D/ST,0/0,0,0,0,0,0,0,0,0,0,0,77.6,77.6,77.6,1,12
299,Chargers D/ST,LAC,D/ST,0/0,0,0,0,0,0,0,0,0,0,0,71,71,71,1,12
300,Tyler Shough,ND,QB,233/376,2581,12,10,40,173,2,0,0,0,0,160.54,160.54,160.54,1,11